unique_id,publication_date,year,author_name,title,section,last_name,first_name,author_gender,author_nea,author_bestseller,author_prize,author_iowa
1,12/1/1953,1953,Ambrose Bierce,A Horseman in the Sky,fiction,Bierce,Ambrose,M,,,,
2,12/1/1953,1953,Arthur Conan Doyle,Introducing Sherlock Homes,fiction,Doyle,Arthur Conan,M,,,,
3,12/1/1953,1953,Boccaccio,Tales from the Decameron,fiction,,Boccaccio,M,,,,
4,1/1/1954,1954,Arthur Conan Doyle,Scandal in Bohemia,fiction,Doyle,Arthur Conan,M,,,,
5,1/1/1954,1954,Boccaccio,Tales from the Decameron,fiction,,Boccaccio,M,,,,
6,1/1/1954,1954,Hef,The Christmas Party,fiction,,Hef,M,,,,
7,2/1/1954,1954,Arthur Conan Doyle,The Adventure of the Copper Beeches,fiction,Doyle,Arthur Conan,M,,,,
8,2/1/1954,1954,Boccaccio,Tales from the Decameron,fiction,,Boccaccio,M,,,,
9,2/1/1954,1954,Erskine Caldwell,New Cabin,fiction,Caldwell,Erskine,M,,yes,,
10,3/1/1954,1954,Boccaccio,Tales from the Decameron,fiction,,Boccaccio,M,,,,
11,3/1/1954,1954,Erskine Caldwell,The Medicine Man,fiction,Caldwell,Erskine,M,,yes,,
12,3/1/1954,1954,Ray Bradbury,Farenheit 451,fiction,Bradbury,Ray,M,,yes,yes,
13,4/1/1954,1954,Boccaccio,Tales from the Decameron,fiction,,Boccaccio,M,,,,
14,4/1/1954,1954,Ray Bradbury,Farenheit 451,fiction,Bradbury,Ray,M,,yes,yes,
15,5/1/1954,1954,Boccaccio,Tales from the Decameron,fiction,,Boccaccio,M,,,,
16,5/1/1954,1954,Ray Bradbury,Farenheit 451,fiction,Bradbury,Ray,M,,yes,yes,
17,6/1/1954,1954,Boccaccio,Tales from the Decameron,fiction,,Boccaccio,M,,,,
18,6/1/1954,1954,W. Somerset Maugham,A Woman of Fifty,fiction,Maugham,W. Somerset,M,,yes,,
19,7/1/1954,1954,Boccaccio,Ribald Classics,fiction,,Boccaccio,M,,,,
20,7/1/1954,1954,William Hope Hodgson,A Voice in the Night,fiction,Hodgson,William Hope,M,,,,
21,8/1/1954,1954,Boccaccio,Ribald Classics,fiction,,Boccaccio,M,,,,
22,9/1/1954,1954,Boccaccio,Ribald Classics,fiction,,Boccaccio,M,,,,
23,9/1/1954,1954,Charles Beaumont,Black Country,fiction,Beaumont,Charles,M,,,,
24,9/1/1954,1954,"Harry C. Crosby, Jr.",Roll out the Rolov,fiction,Crosby,Harry C.,M,,,,
25,10/1/1954,1954,Boccaccio,Ribald Classics,fiction,,Boccaccio,M,,,,
26,10/1/1954,1954,Jack W. West,Old Shep,fiction,West,Jack W.,M,,,,
27,10/1/1954,1954,W. Somerset Maugham,Appearance and Reality,fiction,Maugham,W. Somerset,M,,yes,,
28,11/1/1954,1954,Boccaccio,Ribald Classics,fiction,,Boccaccio,M,,,,
29,11/1/1954,1954,Ernest Leogrande,The Persistent Nude,fiction,Leogrande,Ernest,M,,,,
30,11/1/1954,1954,Erskine Caldwell,August Afternoon,fiction,Caldwell,Erskine,M,,yes,,
31,12/1/1954,1954,Boccaccio,Ribald Classics,fiction,,Boccaccio,M,,,,
32,12/1/1954,1954,Charles Schafhauser,I'm Yours,fiction,Schafhauser,Charles,M,,,,
33,1/1/1955,1955,Erskine Caldwell,Carnival,fiction,Caldwell,Erskine,M,,yes,,
34,1/1/1955,1955,John Steinbeck,The Ears of Johnny Bear,fiction,Steinbeck,John,M,,yes,yes,
35,1/1/1955,1955,Ray Bradbury,The Concrete Mixer,fiction,Bradbury,Ray,M,,yes,yes,
36,2/1/1955,1955,Guy de Maupassant,Ribald Classics,fiction,Maupassant,Guy,M,,,,
37,2/1/1955,1955,Ivan Gold,A Change of Air,fiction,Gold,Ivan,M,yes,,yes,
38,2/1/1955,1955,John W. Jakes,The Most Horrible Story,fiction,Jakes,John W.,M,,yes,,
39,4/1/1955,1955,Charles Beaumont,The Hunger,fiction,Beaumont,Charles,M,,,,
40,4/1/1955,1955,Guy de Maupassant,Ribald Classics,fiction,Maupassant,Guy,M,,,,
41,4/1/1955,1955,P.G. Wodehouse,A Tithe for Charity,fiction,Wodehouse,P.G.,M,,,,
42,5/1/1955,1955,Boccaccio,Subsititute Wench,ribald classic,,Boccaccio,M,,,,
43,5/1/1955,1955,Irwin Shaw,The Eighty Yard Run,fiction,Shaw,Irwin,M,,yes,yes,
44,5/1/1955,1955,Mindret Lord,Naked Lady,fiction,Lord,Mindret,M,,,,
45,6/1/1955,1955,Delmore Schwartz,Successful Love,fiction,Schwartz,Delmore,M,,,yes,
46,6/1/1955,1955,Guy de Maupassant,The Costly Countess,ribald classic,Maupassant,Guy,M,,,,
47,6/1/1955,1955,John Collier,In the Cards,fiction,Collier,John,M,,,,
48,7/1/1955,1955,Herbert Gold,"A Steady, High-Type Fellow",fiction,Gold,Herbert,M,,yes,yes,
49,7/1/1955,1955,Honore de Balzac,A Suit for Damages,ribald classic,Balzac,Honore,M,,,,
50,7/1/1955,1955,Michael Arlen,The Crooked Coronet,fiction,Arlen,Michael,M,,,,
51,8/1/1955,1955,Charles Beaumont,The Crooked Man,fiction,Beaumont,Charles,M,,,,
52,8/1/1955,1955,Guy de Maupassant,Caught in the Act,ribald classic,Maupassant,Guy,M,,,,
53,8/1/1955,1955,P.G. Wodehouse,Uncle Fred Flits,fiction,Wodehouse,P.G.,M,,,,
54,9/1/1955,1955,Casanova,The Ring and the Garter,ribald classic,,Casanova,M,,,,
55,9/1/1955,1955,Charles Lee Robinson,Malting Season,fiction,Robinson,Charles Lee,M,,,,
56,9/1/1955,1955,Robert Sheckley,Spy Story,fiction,Sheckley,Robert,M,,,,
57,9/1/1955,1955,W. Somerset Maugham,The Closed Shop,fiction,Maugham,W. Somerset,M,,yes,,
58,10/1/1955,1955,Anson Mount,The Taming of the Rake,fiction,Mount,Anson,M,,,,
59,10/1/1955,1955,Guy de Maupassant,The Signal,ribald classic,Maupassant,Guy,M,,,,
60,10/1/1955,1955,James Jones,The King,fiction,Jones,James,M,,yes,yes,
61,11/1/1955,1955,Giovanni Straparola,The Cuckold's Stargem,ribald classic,Straparola,Giovanni,M,,,,
62,11/1/1955,1955,Herbert Gold,"All Married Women Are Bad, Yes?",fiction,Gold,Herbert,M,,yes,yes,
63,11/1/1955,1955,Mack Reynolds,Burnt Toast,fiction,Reynolds,Mack,M,,,,
64,11/1/1955,1955,Robert Turner,Zip-Gun Boys On A Caper,fiction,Turner,Robert,M,,,,
65,12/1/1955,1955,Charles Beaumont,A Classic Affair,fiction,Beaumont,Charles,M,,,,
66,12/1/1955,1955,Guy de Maupassant,The Spice of Life,ribald classic,Maupassant,Guy,M,,,,
67,12/1/1955,1955,Ray Bradbury,The Next in Line,fiction,Bradbury,Ray,M,,yes,yes,
68,1/1/1956,1956,Erskine Caldwell,Advice About Women,fiction,Caldwell,Erskine,M,,yes,,
69,1/1/1956,1956,Herbert Gold,"Love, the Healer",fiction,Gold,Herbert,M,,yes,yes,
70,1/1/1956,1956,Rex Fabian,Last Will and Testament,fiction,Fabian,Rex,M,,,,
71,1/1/1956,1956,Robert Bloch,I Like Blondes,fiction,Bloch,Robert,M,,,,
72,1/1/1956,1956,Voltaire,A Narrow Escape,ribald classic,,Voltaire,M,,,,
73,2/1/1956,1956,Casanova,The Impromptu Physician,ribald classic,,Casanova,M,,,,
74,2/1/1956,1956,Don Marquis,The Crack of Doom,fiction,Marquis,Don,M,,,,
75,2/1/1956,1956,John Collier,Mary,fiction,Collier,John,M,,,,
76,3/1/1956,1956,D.K. Broster,Couching at the Door,fiction,Broster,D.K.,F,,,,
77,3/1/1956,1956,Delmas W. Abbott,I Am Committing Suicide,fiction,Abbott,Delmas W.,N/A,,,,
78,3/1/1956,1956,Herbert Gold,The Psychodynamist,fiction,Gold,Herbert,M,,yes,yes,
79,3/1/1956,1956,Voltaire,The Pitfalls of Prettiness,ribald classic,,Voltaire,M,,,,
80,4/1/1956,1956,Guy de Maupassant,The Postman's Mistake,ribald classic,Maupassant,Guy,M,,,,
81,4/1/1956,1956,H.E. Heckelmann,The Cruise of Aphrodite,fiction,Heckelmann,H.E.,M,,,,
82,4/1/1956,1956,Roald Dahl,Taste,fiction,Dahl,Roald,M,,yes,,
83,4/1/1956,1956,Willard Marsh,No More Gifts,fiction,Marsh,Willard,M,,,,
84,5/1/1956,1956,Charles Beaumont,The Monster Snow,fiction,Beaumont,Charles,M,,,,
85,5/1/1956,1956,Erskine Caldwell,The Shooting of Judge Price,fiction,Caldwell,Erskine,M,,yes,,
86,5/1/1956,1956,Richard Matheson,The Splendid Source,fiction,Matheson,Richard,M,,,,
87,5/1/1956,1956,,The Temples of Fruitful Women,ribald classic,,,N/A,,,,
88,6/1/1956,1956,Guy de Maupassant,The Hectic Honeymoon,ribald classic,Maupassant,Guy,M,,,,
89,6/1/1956,1956,Loring D. Mandel,Last Gambit,fiction,Mandel,Loring D.,M,,,,
90,6/1/1956,1956,Ray Bradbury,A Sound of Thunder,fiction,Bradbury,Ray,M,,yes,yes,
91,6/1/1956,1956,Roald Dahl,Nine Dimittis,fiction,Dahl,Roald,M,,yes,,
92,7/1/1956,1956,Alberto Moravia,The Truckdriver,fiction,Moravia,Alberto,M,,,,
93,7/1/1956,1956,Alice Denham,The Deal,fiction,Denham,Alice,F,,,,
94,7/1/1956,1956,Anthony Boucher,Nellthu,fiction,Boucher,Anthony,M,,,,
95,7/1/1956,1956,Anton Chekhov,The Woman in the Case,ribald classic,Chekhov,Anton,M,,,,
96,8/1/1956,1956,Charles Beaumont,You Can't Have Them All,fiction,Beaumont,Charles,M,,,,
97,8/1/1956,1956,Joseph Addison,Milady's Bosom,ribald classic,Addison,Joseph,M,,,,
98,8/1/1956,1956,Stanley Cooperman,Walt to the Station,fiction,Cooperman,Stanley,M,,,,
99,8/1/1956,1956,Willard Marsh,Ad Lib Exit,fiction,Marsh,Willard,M,,,,
100,9/1/1956,1956,Hugh G. Foster,The Doll,fiction,Foster,Hugh G.,M,,,,
101,9/1/1956,1956,John Wallace,Get Out of My Life,fiction,Wallace,John,M,,,,
102,9/1/1956,1956,Robert Sheckley,"Love, Incorporated",fiction,Sheckley,Robert,M,,,,
103,9/1/1956,1956,,The Amorous Goldsmith,ribald classic,,,N/A,,,,
104,10/1/1956,1956,Anson Mount,A Pound of Flesh,fiction,Mount,Anson,M,,,,
105,10/1/1956,1956,Herbert Gold,The Right Kind of Pride,fiction,Gold,Herbert,M,,yes,yes,
106,10/1/1956,1956,Lesley Conger,Hospitality,fiction,Conger,Lesley,M,,,,
107,10/1/1956,1956,Masuccio	Salernitano,The Hoodwinked Husband,ribald classic,Salernitano,Masuccio,M,,,,
108,11/1/1956,1956,Adrian Conan Doyle,The Lover of the Coral Glades,fiction,Doyle,Adrian Conan,M,,,,
109,11/1/1956,1956,Charles Einstein,The Flip Side,fiction,Einstein,Charles,M,,,,
110,11/1/1956,1956,Herodotus,The Braggart King,ribald classic,,Herodotus,M,,,,
111,11/1/1956,1956,Richard Matheson,A Flourish of Strumpets,fiction,Matheson,Richard,M,,,,
112,12/1/1956,1956,Charles Beaumont,The Dark Music,fiction,Beaumont,Charles,M,,,,
113,12/1/1956,1956,Guy de Maupassant,The Christmas Eve Supper,ribald classics,Maupassant,Guy,M,,,,
114,12/1/1956,1956,Henry Gregor Felsen,The Hundred Dollar Suicide,fiction,Felsen,Henry Gregor,M,,,,
115,12/1/1956,1956,Robert Slater,The Bitch in Heat,fiction,Slater,Robert,M,yes,,,
116,1/1/1957,1957,John Collier,The Mask and the Maiden,fiction,Collier,John,M,,,,
117,1/1/1957,1957,Ray Bradbury,In a Season of Calm Weather,fiction,Bradbury,Ray,M,,yes,yes,
118,1/1/1957,1957,Walter S. Tevis,The Hustler,fiction,Tevis,Walter S.,M,,,,
119,1/1/1957,1957,,The Cuckold and the Cakes,ribald classic,,,N/A,,,,
120,2/1/1957,1957,Budd Schulberg,A Second Father,fiction,Schulberg,Budd,M,,yes,,
121,2/1/1957,1957,Guy de Maupassant,The Doctor's Deception,ribald classics,Maupassant,Guy,M,,,,
122,2/1/1957,1957,Herbert Gold,The 44-Year Old Boy Disc Jockey,fiction,Gold,Herbert,M,,yes,yes,
123,2/1/1957,1957,Robert Bloch,The Traveling Salesman,fiction,Bloch,Robert,M,,,,
124,3/1/1957,1957,Charles Beaumont,Night Ride,fiction,Beaumont,Charles,M,,,,
125,3/1/1957,1957,Dion Henderson,The Decent Thing to Do,fiction,Henderson,Dion,M,,,,
126,3/1/1957,1957,Frederic Brown,Triplicate Twisteroo,fiction,Brown,Frederic,M,,,,
127,3/1/1957,1957,Juan Ruiz,The Painted Lady,ribald classics,Ruiz,Juan,M,,,,
128,4/1/1957,1957,Guy de Maupassant,The Wayward Wife,ribald classics,Maupassant,Guy,M,,,,
129,4/1/1957,1957,Henry Slesar,Victory Parade,fiction,Slesar,Henry,M,,,,
130,4/1/1957,1957,Nelson Algren,All Through the Night,fiction,Algren,Nelson,M,yes,yes,yes,
131,4/1/1957,1957,T.K. Brown III,The Sergeant and the Slave,fiction,Brown,T.K.,M,,,,
132,5/1/1957,1957,Al Morgan,Master of the Revels,fiction,Morgan,Al,M,,yes,,
133,5/1/1957,1957,Herbert Gold,The Not Nice Guy,fiction,Gold,Herbert,M,,yes,yes,
134,5/1/1957,1957,Somadeva,The Tale of the Terrible Teeth,ribald classic,,Somadeva,M,,,,
135,6/1/1957,1957,Anatole France,The Lady And the Angel,ribald classic,France,Anatole,M,,,,
136,6/1/1957,1957,George Langelaan,The Fly,fiction,Langelaan,George,M,,,,
137,6/1/1957,1957,T.K. Brown III,The Double Cross-Up,fiction,Brown,T.K.,M,,,,
138,7/1/1957,1957,Archie Oldham,The Champion of Outer Mongolia,fiction,Oldham,Archie,M,,,,
139,7/1/1957,1957,Gerald Kersh,Mistress of Porcosito,fiction,Kersh,Gerald,M,,yes,,
140,7/1/1957,1957,Harvey Swados,A Very Human Story,fiction,Swados,Harvey,M,yes,,yes,
141,7/1/1957,1957,Jules D'Aurevilly,The Seal of Vengeance,ribald classic,D'Aurevilly,Jules,M,,,,
142,8/1/1957,1957,Herbert Gold,Do Nice Artistic Girls?,fiction,Gold,Herbert,M,,yes,yes,
143,8/1/1957,1957,Jacob Hay,Incident off Land's End,fiction,Hay,Jacob,M,,,,
144,8/1/1957,1957,Joseph Addison,Lovers Aloft,ribald classic,Addison,Joseph,M,,,,
145,8/1/1957,1957,Morton Fineman,Balance Sheet,fiction,Fineman,Morton,M,,,,
146,9/1/1957,1957,Al Morgan,The Prince and the Gladiator,fiction,Morgan,Al,M,,yes,,
147,9/1/1957,1957,Arthur Rodney Coneybeare,A Matter of Life and Death,fiction,Coneybeare,Arthur Rodney,M,,,,
148,9/1/1957,1957,Giovanni da Prato,A Duck to Water,ribald classic,da Prato,Giovanni,M,,,,
149,10/1/1957,1957,Henry Slesar,The Secret Formula,fiction,Slesar,Henry,M,,,,
150,10/1/1957,1957,John Wallace,Party Girl,fiction,Wallace,John,M,,,,
151,10/1/1957,1957,Robert Bloch,The Cure,fiction,Bloch,Robert,M,,,,
152,10/1/1957,1957,,The Rabbit and the Turtle Dove,ribald classic,,,N/A,,,,
153,11/1/1957,1957,Charles Beaumont,The Deadly Will to Win,fiction,Beaumont,Charles,M,,,,
154,11/1/1957,1957,Hoke Norris,City Fables,fiction,Norris,Hoke,M,,,,
155,11/1/1957,1957,Juan Timoneda,Nothing but the Truth,ribald classic,Timoneda,Juan,M,,,,
156,11/1/1957,1957,Stewart	P. Brown,The Buttondown Boys in the Frozen North,fiction,Brown,Stewart	P.,M,,,,
157,12/1/1957,1957,Budd Schulberg,The Barraducas,fiction,Schulberg,Budd,M,,yes,,
158,12/1/1957,1957,Gerald Kersh,Something on His Mind,fiction,Kersh,Gerald,M,,yes,,
159,12/1/1957,1957,Jules Janin,The Loveliest Ladder,ribald classic,Janin,Jules,M,,,,
160,1/1/1958,1958,Frederick Wieting,The Best Job in Television,fiction,Wieting,Frederick,N/A,,,,
161,1/1/1958,1958,Gilbert Wright,The Room of Dark,fiction,Wright,Gilbert,M,,,,
162,1/1/1958,1958,Jack Kerouac,"The Rumbling, Rambling Blues",fiction,Kerouac,Jack,M,,yes,,
163,1/1/1958,1958,James Jones,Just Like The Girl,fiction,Jones,James,M,,yes,yes,
164,1/1/1958,1958,,The Plaster Saint,ribald classic,,,N/A,,,,
165,2/1/1958,1958,Arthur C. Clarke,Let There be Light,fiction,Clarke,Arthur C.,M,,yes,,
166,2/1/1958,1958,Bill Safire,"Thank You, Anna",fiction,Safire,Bill,M,,,,
167,2/1/1958,1958,Henry Slesar,Examination Day,fiction,Slesar,Henry,M,,,,
168,2/1/1958,1958,,An Initial Investment,ribald classic,,,N/A,,,,
169,3/1/1958,1958,John Ogham,Wheel of Furtune,fiction,Ogham,John,M,,,,
170,3/1/1958,1958,Richard Matheson,The Distributor,fiction,Matheson,Richard,M,,,,
171,3/1/1958,1958,,The Poisonous Knight,ribald classic,,,N/A,,,,
172,4/1/1958,1958,Herbert Gold,Weird Show,fiction,Gold,Herbert,M,,yes,yes,
173,4/1/1958,1958,John Wallace,A Stretch in Siberia,fiction,Wallace,John,M,,,,
174,4/1/1958,1958,Pierre Marechal,The Smile on the Face of the Sphinx,fiction,Marechal,Pierre,M,,,,
175,5/1/1958,1958,Alan E. Nourse,Hard Bargain,fiction,Nourse,Alan E.,M,,,,
176,5/1/1958,1958,Berkely Mather,The Man in the Wel,fiction,Mather,Berkely,M,,,,
177,5/1/1958,1958,Pat Frank,The One Is On The House,fiction,Frank,Pat,M,,yes,,
178,6/1/1958,1958,Charles Mergendahl,The Sign of Scorpio,fiction,Mergendahl,Charles,M,,yes,,
179,6/1/1958,1958,Daniel P. Mannix,Sex on Sawdust,fiction,Mannix,Daniel P.,M,,,yes,
180,7/1/1958,1958,Philip Lee Smith,The Sweet Sadness,fiction,Smith,Philip Lee,M,,,,
181,7/1/1958,1958,Stephen Barr,The Devil to Pay,fiction,Barr,Stephen,M,,,,
182,7/1/1958,1958,T.K. Brown III,The Skindiver and the Lady,fiction,Brown,T.K.,M,,,,
183,7/1/1958,1958,,A Two-Lover Woman,ribald classic,,,N/A,,,,
184,8/1/1958,1958,Fred McMorrow,Drop Dead,fiction,McMorrow,Fred,M,,,,
185,8/1/1958,1958,Henry Slesar,A Very Rare Disease,fiction,Slesar,Henry,M,,,,
186,8/1/1958,1958,Jean de la Fontaine,A Dish for the Gods,ribald classic,Fontaine,Jean,M,,,,
187,8/1/1958,1958,Robert Bloch,Word of Honor,fiction,Bloch,Robert,M,,,,
188,9/1/1958,1958,Browning Norton,The House of Hate,fiction,Norton,Browning,M,,,,
189,9/1/1958,1958,Herbert Gold,"Sleepers, Awake!",fiction,Gold,Herbert,M,,yes,yes,
190,9/1/1958,1958,Michael Shaara,The Peeping Tom Patrol,fiction,Shaara,Michael,M,,,yes,
191,9/1/1958,1958,,The Princess and the Monster,ribald classic,,,N/A,,,,
192,10/1/1958,1958,Charles Beaumont,Perchance to Drem,fiction,Beaumont,Charles,M,,,,
193,10/1/1958,1958,Ken Purdy,The 51 Tones of Green,fiction,Purdy,Ken,M,,,,
194,10/1/1958,1958,Ray Russell,Montage,fiction,Russell,Ray,M,,,,
195,10/1/1958,1958,,My Lady Nicotine,ribald classic,,,N/A,,,,
196,11/1/1958,1958,Henry Slesar,The Jam,fiction,Slesar,Henry,M,,,,
197,11/1/1958,1958,Jacques Redelsperger,Stubborn As a Mule,ribald classic,Redelsperger,Jacques,M,,,,
198,11/1/1958,1958,Joyce Engelson,The Marvelous Lover,fiction,Engelson,Joyce,F,,,,
199,11/1/1958,1958,Ken Purdy,A Sock in the Jaw,fiction,Purdy,Ken,M,,,,
200,12/1/1958,1958,Garson Kanin,We're Running a Little Late,fiction,Kanin,Garson,M,,yes,,
201,12/1/1958,1958,Jean de la Fontaine,The Mayor's Magnificent Feast,ribald classic,Fontaine,Jean,M,,,,
202,12/1/1958,1958,Jerome Weidman,A Knight Lay Dying,fiction,Weidman,Jerome,M,,yes,,
203,12/1/1958,1958,Steve Allen,Everybody Hates David Starbuck,fiction,Allen,Steve,M,,,,
204,1/1/1959,1959,Bonaventure Desperriers,Cock of the Walk,ribald classic,Desperriers,Bonaventure,M,,,,
205,1/1/1959,1959,Charles Beaumont,The Music of The Yellow Brass,fiction,Beaumont,Charles,M,,,,
206,1/1/1959,1959,J.P. Donleavy,A Dish of Desire,fiction,Donleavy,J.P.,M,,yes,yes,
207,1/1/1959,1959,P.G. Wodehouse,The Right Approach,fiction,Wodehouse,P.G.,M,,,,
208,2/1/1959,1959,Avram Davidson,The Sensible Man,fiction,Davidson,Avram,M,,,,
209,2/1/1959,1959,Emile Blain,A Flirtation with Disaster,ribald classic,Blain,Emile,N/A,,,,
211,2/1/1959,1959,Stewart	P. Brown,The Buttondown Boys at Creepsville High,fiction,Brown,Stewart	P.,M,,,,
210,2/1/1959,1959,Henry Slesar; Jay Folb,A Fist Full of Money,fiction,,,N/A,,,,
212,3/1/1959,1959,Jacques Redelsperger,The Wedding Night Problem,ribald classic,Redelsperger,Jacques,M,,,,
213,3/1/1959,1959,John Wallace,"I Love You, Miss Irvine",fiction,Wallace,John,M,,,,
214,3/1/1959,1959,Ken Purdy,The Noise,fiction,Purdy,Ken,M,,,,
215,4/1/1959,1959,Fred McMorrow,With All Due Respect,fiction,McMorrow,Fred,M,,,,
216,4/1/1959,1959,Frederic Brown,Nasty,fiction,Brown,Frederic,M,,,,
217,4/1/1959,1959,Herbert Gold,What's Become of Your Creature?,novelette,Gold,Herbert,M,,yes,yes,
218,4/1/1959,1959,Marguerite de Navarre,The Crafty Tapestry Maker,ribald classic,Navarre,Marguerite,F,,,,
219,5/1/1959,1959,E.S. Jensen,The Girl Had Been Around,fiction,Jensen,E.S.,N/A,,,,
220,5/1/1959,1959,Jacques Redelsperger,The Wine Dealer's Wife,ribald classic,Redelsperger,Jacques,M,,,,
221,5/1/1959,1959,Robert Sheckley,Triplication,fiction,Sheckley,Robert,M,,,,
222,5/1/1959,1959,T.K. Brown III,Dealers Wild,fiction,Brown,T.K.,M,,,,
223,6/1/1959,1959,Harvey Jacobs,The Voyage of the peanut,fiction,Jacobs,Harvey,M,yes,,,
224,6/1/1959,1959,John Atherton,"Waste Not, Want Not",fiction,Atherton,John,M,,,,
225,6/1/1959,1959,Ken Purdy,The Wise Guy,fiction,Purdy,Ken,M,,,,
226,6/1/1959,1959,,The Undoing of Aristotle,ribald classic,,,N/A,,,,
227,7/1/1959,1959,Avram Davidson,No Fire Burns,fiction,Davidson,Avram,M,,,,
228,7/1/1959,1959,Charles Beaumont,Sorcerer's Moon,fiction,Beaumont,Charles,M,,,,
229,7/1/1959,1959,Herbert Gold,The Incredible Adventures of Dino,fiction,Gold,Herbert,M,,yes,yes,
230,7/1/1959,1959,Theophilo Braga,No,ribald classic,Braga,Theophilo,M,,,,
231,8/1/1959,1959,Andreopulus,A Pair of Concubines,ribald classic,,Andreopulus,N/A,,,,
232,8/1/1959,1959,Charles Hamblett,"Ok, So I""m a Cookooboo",fiction,Hamblett,Charles,M,,,,
233,8/1/1959,1959,Henry Slesar,Incognito,fiction,Slesar,Henry,M,,,,
234,8/1/1959,1959,Herbert Gold,The Sender of Letters,novelette,Gold,Herbert,M,,yes,yes,
235,8/1/1959,1959,John Novotny,The Rancher's Daughter,fiction,Novotny,John,M,,,,
236,9/1/1959,1959,Barry B. Spacks,A Song in his Pocket,fiction,Spacks,Barry B.,M,,,,
237,9/1/1959,1959,Hugh G. Foster,The Taste of Fear,fiction,Foster,Hugh G.,M,,,,
238,9/1/1959,1959,Robert Sheckley,The World of Heart's Desire,fiction,Sheckley,Robert,M,,,,
239,9/1/1959,1959,Shaikhzadi,Strangers in Paradise,ribald classic,,,M,,,,
240,10/1/1959,1959,Edward Wellen,Loving Couple,fiction,Wellen,Edward,M,,,,
241,10/1/1959,1959,Herbert Gold,A Very Good Sidewalk Story,fiction,Gold,Herbert,M,,yes,yes,
242,10/1/1959,1959,J.F. Demachy,The Disguised Husband,ribald classic,Demachy,J.F.,M,,,,
243,10/1/1959,1959,Richard Matheson,No Such Thing As a Vampire,fiction,Matheson,Richard,M,,,,
244,10/1/1959,1959,T.K. Brown III,"Snakes in the Grass, Alas",fiction,Brown,T.K.,M,,,,
245,11/1/1959,1959,Henry Slesar,A Cry From the Penthouse,fiction,Slesar,Henry,M,,,,
248,11/1/1959,1959,Jules Feiffer,A Piece of Fine Linen,ribald classic,Feiffer,Jules,M,,,,
246,11/1/1959,1959,Noel Clad,A Long Time to Swing Alone,fiction,Clad,Noel,M,,yes,,
247,11/1/1959,1959,William Link; Richard Levinson,The Joan Club,fiction,,,M,,,,
249,12/1/1959,1959,Alberto Moravia,Crime at the Tennis Club,fiction,Moravia,Alberto,M,,,,
250,12/1/1959,1959,Chevalier de Nerciat,False Pretenses,ribald classic,Nerciat,Chevalier,M,,,,
251,12/1/1959,1959,Jack Kerouac,Before the Road,novelette,Kerouac,Jack,M,,yes,,
252,12/1/1959,1959,Max Shulman,Foul Ball,fiction,Shulman,Max,M,,yes,,
253,12/1/1959,1959,Roald Dahl,A Fine Son,fiction,Dahl,Roald,M,,yes,,
254,12/1/1959,1959,Theodore L. Thomas,December 28th,fiction,Thomas,Theodore L.,M,,,,
255,1/1/1960,1960,Jerome Weidman,The Love Philtre,fiction,Weidman,Jerome,M,,yes,,
256,1/1/1960,1960,Johannes Von Freiberg,The Burgher's Beautiful Wife,ribald classic,Freigberg,Johannes,M,,,,
257,1/1/1960,1960,John Collier,Softly Walks the Beetle,fiction,Collier,John,M,,,,
258,1/1/1960,1960,Robert Graves,The Case of the Difficult Husband,fiction,Graves,Robert,M,,yes,,
259,2/1/1960,1960,Jim Dilles,Glenn's Girl,fiction,Dilles,Jim,M,,,,
260,2/1/1960,1960,P.G. Wodehouse,"How Right You Are, Jeeves!",fiction,Wodehouse,P.G.,M,,,,
261,2/1/1960,1960,,The Feathered Spy,ribald classic,,,N/A,,,,
262,3/1/1960,1960,Brian Rencelaw,The Actor,fiction,Rencelaw,Brian,M,,,,
263,3/1/1960,1960,Ian Fleming,The Hildebrand Rarity,novelette,Fleming,Ian,M,,yes,,
264,3/1/1960,1960,Petrus Alfonsus,The Weeping Dog,ribald classic,Alfonsus,Petrus,M,,,,
265,3/1/1960,1960,Shirley Jackson,A Great Voice Stilted,fiction,Jackson,Shirley,F,,yes,,
266,4/1/1960,1960,Edward Loomis,The Bargain,novelette,Loomis,Edward,M,,,,
267,4/1/1960,1960,Ken Purdy,Epitaph for Obie,fiction,Purdy,Ken,M,,,,
268,4/1/1960,1960,Rex Lardner,The Girl with the Bear Rug Eyes,fiction,Lardner,Rex,M,,,,
269,5/1/1960,1960,Arthur C. Clarke,I Remember Babylon,fiction,Clarke,Arthur C.,M,,yes,,
270,5/1/1960,1960,Herbert Gold,Trouble in Makeoutsville,fiction,Gold,Herbert,M,,yes,yes,
271,5/1/1960,1960,Leland Webb,Mother's Day,fiction,Webb,Leland,M,,,,
272,5/1/1960,1960,Shaikhzadi,A Sense of Proportion,ribald classic,,,M,,,,
273,6/1/1960,1960,Henry Slesar,After,fiction,Slesar,Henry,M,,,,
274,6/1/1960,1960,Leland Webb,The Runaways,fiction,Webb,Leland,M,,,,
275,6/1/1960,1960,Robert Sabaroff,Ding Dong Ghoul,fiction,Sabaroff,Robert,M,,,,
276,6/1/1960,1960,,The Blue Sceptre,ribald classic,,,N/A,,,,
277,7/1/1960,1960,Jeremy Dole,Wilbur Fonts for President,fiction,Dole,Jeremy,M,,,,
278,7/1/1960,1960,John Wallace,O You New York Girls,fiction,Wallace,John,M,,,,
279,7/1/1960,1960,Richard Matheson,First Anniversary,fiction,Matheson,Richard,M,,,,
280,8/1/1960,1960,Eugene Ziller,A Thief in the Night,fiction,Ziller,Eugene,M,,,,
281,8/1/1960,1960,Gerolamo Parabosco,A Tryst of Fate,ribald classic,Parabosco,Gerolamo,M,,,,
282,8/1/1960,1960,Leland Webb,A Man for the Moon,fiction,Webb,Leland,M,,,,
283,8/1/1960,1960,Ray Bradbury,The Best of All Possible Worlds,fiction,Bradbury,Ray,M,,yes,yes,
284,9/1/1960,1960,Bernard Wolfe,The Never Ending Penny,fiction,Wolfe,Bernard,M,,,,
285,9/1/1960,1960,Brian Rencelaw,Ounce of Prevention,fiction,Rencelaw,Brian,M,,,,
286,9/1/1960,1960,Joseph Carter,The Third Martini,fiction,Carter,Joseph,M,,,,
287,9/1/1960,1960,,The Burning of the Books,ribald classic,,,N/A,,,,
288,10/1/1960,1960,Bruce Jay Friedman,A Foot in the Door,fiction,Friedman,Bruce Jay,M,,yes,,
289,10/1/1960,1960,Ken Purdy,The Book of Tony,fiction,Purdy,Ken,M,,,,
290,10/1/1960,1960,William M. Clark,The Supermen,fiction,Clark,William M.,M,,,,
291,10/1/1960,1960,,Seeing is Believing,ribald classic,,,N/A,,,,
292,11/1/1960,1960,Sam Gottesfeld,A Crazy Mixed-Up ID,fiction,Gottesfeld,Sam,M,,,,
293,11/1/1960,1960,T.K. Brown III,Harpy,fiction,Brown,T.K.,M,,,,
294,11/1/1960,1960,,Man Vs. Woman,ribald classic,,,N/A,,,,
295,12/1/1960,1960,Bruce Jay Friedman,23 Pat O'Brien Movies,fiction,Friedman,Bruce Jay,M,,yes,,
296,12/1/1960,1960,Gerald Kersh,Oalámaóa,fiction,Kersh,Gerald,M,,yes,,
297,12/1/1960,1960,Ray Bradbury,Very Late In the Evening,fiction,Bradbury,Ray,M,,yes,yes,
298,12/1/1960,1960,,The Footprint of a Lion,ribald classic,,,N/A,,,,
299,1/1/1961,1961,Anton Chekhov,A Liberal Darling,fiction,Chekhov,Anton,M,,,,
300,1/1/1961,1961,Anton Chekhov,Concerning the Drama,fiction,Chekhov,Anton,M,,,,
301,1/1/1961,1961,Fritz Leiber,All the Weed in the World,fiction,Leiber,Fritz,M,,,,
302,1/1/1961,1961,Ken Purdy,Conversation Piece,fiction,Purdy,Ken,M,,,,
303,1/1/1961,1961,Ray Russell,Sardonicus,novelette,Russell,Ray,M,,,,
304,2/1/1961,1961,Bernard Wolfe,"Come on out, Daddy",fiction,Wolfe,Bernard,M,,,,
305,2/1/1961,1961,Herbert Gold,That Sweet Sinner and Travelling,fiction,Gold,Herbert,M,,yes,yes,
306,2/1/1961,1961,Martin de Leon,Rabbit in a Trap,ribald classics,Leon,Martin,M,,,,
307,2/1/1961,1961,Ray Russell,The Room,fiction,Russell,Ray,M,,,,
308,2/1/1961,1961,,To Hear is to Obey,ribald classic,,,N/A,,,,
309,3/1/1961,1961,Charles Willeford,The Machine in Ward Elevent,fiction,Willeford,Charles,M,,,,
310,3/1/1961,1961,Juan Timoneda,The Pangs of Love and Hunger,ribald classic,Timoneda,Juan,M,,,,
311,3/1/1961,1961,Ray Bradbury,The Illustrated Woman,fiction,Bradbury,Ray,M,,yes,yes,
312,4/1/1961,1961,Charles Beaumont,Blood Brother,fiction,Beaumont,Charles,M,,,,
313,4/1/1961,1961,Jeremy Dole,Wilbur Fonts in Africa,fiction,Dole,Jeremy,M,,,,
314,4/1/1961,1961,John Wallace,The Emancipated Man,fiction,Wallace,John,M,,,,
315,4/1/1961,1961,Ken Purdy,The Bottom of the Ocean,fiction,Purdy,Ken,M,,,,
316,4/1/1961,1961,,The Game of Venus,ribald classic,,,N/A,,,,
317,5/1/1961,1961,Frederic Brown,The Hobbyist,fiction,Brown,Frederic,M,,,,
318,5/1/1961,1961,Gerald Kersh,The Laughingstock,fiction,Kersh,Gerald,M,,yes,,
319,5/1/1961,1961,John Crosby,A Start of the First Magnitude,fiction,Crosby,John,M,,,,
320,5/1/1961,1961,Ken Purdy,Speak to Me of Immortality,fiction,Purdy,Ken,M,,,,
321,5/1/1961,1961,Somadeva,A Very High Quality Wine,ribald classic,,Somadeva,M,,,,
322,6/1/1961,1961,Bernard Wolfe,Marcianna & The Natural Carpaine in Papaya,fiction,Wolfe,Bernard,M,,,,
323,6/1/1961,1961,Frederik Pohl,Punch,fiction,Pohl,Frederik,M,,,,
324,6/1/1961,1961,Jacques de Vitry,The Robber's Gift,ribald classic,Vitry,Jacques,M,,,,
325,6/1/1961,1961,Walter Goodman,Harold's Affair,fiction,Goodman,Walter,M,,,,
326,7/1/1961,1961,Barry B. Spacks,For Whom the Booth Tolls,fiction,Spacks,Barry B.,M,,,,
327,7/1/1961,1961,Leland Webb,The Inconsequential Pipsqueaks,fiction,Webb,Leland,M,,,,
328,7/1/1961,1961,Ray Russell,Don't Think,fiction,Russell,Ray,M,,,,
329,7/1/1961,1961,T.K. Brown III,The Fifteenth Station,fiction,Brown,T.K.,M,,,,
330,7/1/1961,1961,,The Coat of Mail,ribald classic,,,N/A,,,,
331,8/1/1961,1961,Bruce Jay Friedman,The Killer in the TV Set,fiction,Friedman,Bruce Jay,M,,yes,,
332,8/1/1961,1961,Gerald Kersh,The Defeat of the Demon Tailor,fiction,Kersh,Gerald,M,,yes,,
333,8/1/1961,1961,Herbert Gold,Reality for this Lad,fiction,Gold,Herbert,M,,yes,yes,
334,8/1/1961,1961,Petronius,The Orator's Triumph,ribald classic,,Petronius,M,,,,
335,9/1/1961,1961,Harvey Jacobs,The Lion's Share,fiction,Jacobs,Harvey,M,yes,,,
336,9/1/1961,1961,Henry Slesar,The Firing Line,fiction,Slesar,Henry,M,,,,
337,9/1/1961,1961,Leland Webb,The Solemn Sabbath,fiction,Webb,Leland,M,,,,
338,9/1/1961,1961,,The Woman and the Well,ribald classic,,,N/A,,,,
339,10/1/1961,1961,Jack Sharkey,Conversation with a Bug,fiction,Sharkey,Jack,M,,,,
340,10/1/1961,1961,Jeremy Dole,The Year the Yankees Won the Pennant,fiction,Dole,Jeremy,M,,,,
341,10/1/1961,1961,Ken Purdy,The Ninth Score,fiction,Purdy,Ken,M,,,,
342,10/1/1961,1961,,The Big Dog,ribald classic,,,N/A,,,,
343,11/1/1961,1961,Bernard Wolfe,Agoraphobia is in the Public Domain,fiction,Wolfe,Bernard,M,,,,
344,11/1/1961,1961,Henry Slesar,The Last Smile,fiction,Slesar,Henry,M,,,,
345,11/1/1961,1961,William Masters,The Normal Man,fiction,Masters,William,M,,,,
346,12/1/1961,1961,Jean de la Fontaine,A Gascon Rewarded,ribald classics,Fontaine,Jean,M,,,,
347,12/1/1961,1961,Ray Russell,Space Opera,fiction,Russell,Ray,M,,,,
348,12/1/1961,1961,Thomas Berger,Professor Hyde,fiction,Berger,Thomas,M,,,yes,
349,12/1/1961,1961,Walt Grove,Square Chistmas,fiction,Grove,Walt,M,,,,
350,1/1/1962,1962,Garson Kanin,Proposition,fiction,Kanin,Garson,M,,yes,,
351,1/1/1962,1962,Irwin Shaw,Tune Every Heart and Every Voice,fiction,Shaw,Irwin,M,,yes,yes,
352,1/1/1962,1962,Jean de la Fontaine,The Husband Confessor,ribald classics,Fontaine,Jean,M,,,,
353,1/1/1962,1962,Ken Purdy,Tell Me the Person,fiction,Purdy,Ken,M,,,,
354,1/1/1962,1962,Ray Bradbury,A Miracle of a Rare Device,fiction,Bradbury,Ray,M,,yes,yes,
355,1/1/1962,1962,William Saroyan,The Personal Secretary,fiction,Saroyan,William,M,,yes,,
356,2/1/1962,1962,Bernard Wolfe,Anthony from Afar,fiction,Wolfe,Bernard,M,,,,
357,2/1/1962,1962,Bruce Jay Friedman,The Investor,fiction,Friedman,Bruce Jay,M,,yes,,
358,2/1/1962,1962,Gerald Kersh,The Spanish Prisoner,fiction,Kersh,Gerald,M,,yes,,
359,2/1/1962,1962,,The Eunuch,ribald classic,,,N/A,,,,
360,3/1/1962,1962,Celio Malespini,No Lips But Mine,ribald classic,Malespini,Celio,M,,,,
361,3/1/1962,1962,Henry Slesar,Solo for Violin,fiction,Slesar,Henry,M,,,,
362,3/1/1962,1962,Herbert Gold,"O Manhattan, Mother of Waters",fiction,Gold,Herbert,M,,yes,yes,
363,3/1/1962,1962,Ray Russell,Sagittarius,novelette,Russell,Ray,M,,,,
364,4/1/1962,1962,Francoise Sagan,The Wonderful Clouds,fiction,Sagan,Francoise,F,,yes,,
365,4/1/1962,1962,Henry Slesar,A Way to Make it,fiction,Slesar,Henry,M,,,,
366,4/1/1962,1962,Paul Darcy Boles,The Stancias' House,fiction,Boles,Paul Darcy,M,,,,
367,4/1/1962,1962,Vance Aandahl,Adam Frost,fiction,Aandahl,Vance,M,,,,
368,4/1/1962,1962,,The Story of Dumb Hanns,ribald classic,,,N/A,,,,
369,5/1/1962,1962,Francoise Sagan,The Wonderful Clouds,fiction,Sagan,Francoise,F,,yes,,
370,5/1/1962,1962,Harry Mark Petrakis,The Miracle,fiction,Petrakis,Harry Mark,M,,yes,,
371,5/1/1962,1962,Ken Purdy,For Which they Sing--Sometimes,fiction,Purdy,Ken,M,,,,
372,5/1/1962,1962,William Sambrot,Control Somnabule,fiction,Sambrot,William,M,,,,
373,5/1/1962,1962,,The Language of the Birds,ribald classic,,,N/A,,,,
374,6/1/1962,1962,Gahan Wilson,Horror Trio,fiction,Wilson,Gahan,M,,,,
375,6/1/1962,1962,Irwin Shaw,Noises in the City,fiction,Shaw,Irwin,M,,yes,yes,
376,6/1/1962,1962,Robert Cenedella,The Murder of Edmund Grant,fiction,Cenedella,Robert,M,,,,
377,6/1/1962,1962,Walt Grove,A Father's Gift,fiction,Grove,Walt,M,,,,
378,6/1/1962,1962,,For the Long Cold Winter,ribald classic,,,N/A,,,,
379,7/1/1962,1962,Calder Willingham,Bus Story,fiction,Willingham,Calder,M,,,,
380,7/1/1962,1962,H.C. Neal,Who Shall Dwell,fiction,Neal,H.C.,M,,,,
381,7/1/1962,1962,J.C. Thompson,The Right Man for the Right Job,fiction,Thompson,J.C.,M,,,,
382,7/1/1962,1962,Jean de la Fontaine,The Crafty Lover,ribald classics,Fontaine,Jean,M,,,,
383,7/1/1962,1962,Robert Lewis Taylor,The Pilgrimage of Roger Haydock,fiction,Taylor,Robert Lewis,M,,yes,yes,
384,8/1/1962,1962,James Jones,The Thin Red Line,fiction,Jones,James,M,,yes,yes,
385,8/1/1962,1962,Petronius,"Unquestionably, A Man of Wit",ribald classic,,Petronius,M,,,,
386,8/1/1962,1962,Ray Russell,The Interest of Strangers,fiction,Russell,Ray,M,,,,
387,8/1/1962,1962,Wade Miller,The Morning After,fiction,Miller,Wade,M,,,,
388,9/1/1962,1962,Jack Finney,"Hey, Look at Me!",fiction,Finney,Jack,M,,yes,,
389,9/1/1962,1962,James Jones,The Thin Red Line,fiction,Jones,James,M,,yes,yes,
390,9/1/1962,1962,Leonard Michaels,The Sound of Hirsch,fiction,Michaels,Leonard,M,,,yes,
391,9/1/1962,1962,,The Devious Ways of Decius Mundus,ribald classic,,,N/A,,,,
392,10/1/1962,1962,Chrétien de Troyes,Gawain and the Lady of the Pavillion,ribald classic,Troyes,Chrétien,M,,,,
393,10/1/1962,1962,Gerald Kersh,A Lucky Day for the Boar,fiction,Kersh,Gerald,M,,yes,,
394,10/1/1962,1962,James Jones,The Thin Red Line,fiction,Jones,James,M,,yes,yes,
395,10/1/1962,1962,Ken Purdy,The Little Creep and the Big Blonde Broad,fiction,Purdy,Ken,M,,,,
396,10/1/1962,1962,Paul Gallico,The Picture Thieves,fiction,Gallico,Paul,M,,yes,,
397,11/1/1962,1962,Einhard,The Fair and Redoubtable Emma,ribald classic,,Einhard,M,,,,
398,11/1/1962,1962,Frederic Brown,Puppet Show,fiction,Brown,Frederic,M,,,,
399,11/1/1962,1962,Herbert Gold,Barbara Girl,fiction,Gold,Herbert,M,,yes,yes,
400,11/1/1962,1962,Paxton Davis,The Deadlier Bruise,fiction,Davis,Paxton,M,,,,
401,12/1/1962,1962,Garson Kanin,None but the Brave,fiction,Kanin,Garson,M,,yes,,
402,12/1/1962,1962,James Thurber,Brother Endicott,fiction,Thurber,James,M,,yes,,
403,12/1/1962,1962,Ludwig Bemelmans,Gala at the Tour D'Argent,fiction,Bemelmans,Ludwig,M,,yes,,
404,12/1/1962,1962,Ray Bradbury,The Machineries of Joy,fiction,Bradbury,Ray,M,,yes,yes,
405,12/1/1962,1962,Rick Rubin,Winter in this Latitude,fiction,Rubin,Rick,M,yes,,,
406,12/1/1962,1962,,The Day it Rained Doughnuts,ribald classic,,,N/A,,,,
407,1/1/1963,1963,Henry Slesar,The Glowworm,fiction,Slesar,Henry,M,,,,
408,1/1/1963,1963,Ken Purdy,The Golden Frog,fiction,Purdy,Ken,M,,,,
409,1/1/1963,1963,William Saroyan,To Be Courteous to Women,fiction,Saroyan,William,M,,yes,,
410,1/1/1963,1963,,The Proper Uniform for Sport,ribald classic,,,N/A,,,,
411,2/1/1963,1963,Charles Einstein,The New Deal,fiction,Einstein,Charles,M,,,,
413,2/1/1963,1963,P.G. Wodehouse,"Stiff Upper Lip, Jeeves!",fiction,Wodehouse,P.G.,M,,,,
412,2/1/1963,1963,Mike McGrady; Joe Hickey,The Perfect Alibi,fiction,,,M,,,,
414,2/1/1963,1963,,The Willy Ways of a Diligent Salesman,ribald classic,,,N/A,,,,
415,3/1/1963,1963,Graham Greene,Mortmain,fiction,Greene,Graham,M,,yes,,
416,3/1/1963,1963,Herbert Gold,The Song of the Four-Coloured Sell,fiction,Gold,Herbert,M,,yes,yes,
417,3/1/1963,1963,Marguerite de Navarre,A Matter of Simple Duplicity,ribald classic,Navarre,Marguerite,F,,,,
418,3/1/1963,1963,P.G. Wodehouse,"Stiff Upper Lip, Jeeves!",fiction,Wodehouse,P.G.,M,,,,
419,4/1/1963,1963,Frederic Brown,Double Standard,fiction,Brown,Frederic,M,,,,
420,4/1/1963,1963,Gerald Kersh,Ghost Money,fiction,Kersh,Gerald,M,,yes,,
421,4/1/1963,1963,Ian Fleming,On Her Majesty's Secret Service,novel,Fleming,Ian,M,,yes,,
422,4/1/1963,1963,,A Sackful of Truths--and Surprise,ribald classic,,,N/A,,,,
423,5/1/1963,1963,Ian Fleming,On Her Majesty's Secret Service,novel,Fleming,Ian,M,,yes,,
424,5/1/1963,1963,Johann Wolfgang von Goethe,A Point of Law,ribald classic,Goethe,Johann Wolfgang,M,,,,
425,5/1/1963,1963,T.K. Brown III,Man with a Past,fiction,Brown,T.K.,M,,,,
426,5/1/1963,1963,Walt Grove,The Tie that Binds,fiction,Grove,Walt,M,,,,
427,6/1/1963,1963,Brian Rencelaw,Skin Deep,fiction,Rencelaw,Brian,M,,,,
428,6/1/1963,1963,Ian Fleming,On Her Majesty's Secret Service,novel,Fleming,Ian,M,,yes,,
429,6/1/1963,1963,Jules Feiffer,"Harry, the Rat with Women",novel,Feiffer,Jules,M,,,,
430,6/1/1963,1963,Ray Bradbury,The Queen's Own Evaders,fiction,Bradbury,Ray,M,,yes,yes,
431,6/1/1963,1963,,The Cost of the Cure,ribald classic,,,N/A,,,,
432,7/1/1963,1963,Jules Feiffer,"Harry, the Rat with Women",novel,Feiffer,Jules,M,,,,
433,7/1/1963,1963,Ken Purdy,Change of Plan,fiction,Purdy,Ken,M,,,,
434,7/1/1963,1963,Ray Russell,A Night in the Byzantine Palace,fiction,Russell,Ray,M,,,,
435,7/1/1963,1963,,The Way of a Travelling Man,ribald classic,,,N/A,,,,
436,8/1/1963,1963,Bernard Malamud,Naked Nude,fiction,Malamud,Bernard,M,,yes,yes,
437,8/1/1963,1963,Herbert Gold,The Only Pure Love,fiction,Gold,Herbert,M,,yes,yes,
438,8/1/1963,1963,Slawomir Mrozek,Four Fateful Fables for Today,fiction,Mrozek,Slawomir,M,,,,
439,8/1/1963,1963,T.K. Brown III,Car on the Mountain,fiction,Brown,T.K.,M,,,,
440,8/1/1963,1963,,Young Lancelot and the Foreseer's Daughter,ribald classic,,,N/A,,,,
441,9/1/1963,1963,Alberto Moravia,"Ah, Women, Women",fiction,Moravia,Alberto,M,,,,
442,9/1/1963,1963,Ray Bradbury,The Life Work of Juan Diaz,fiction,Bradbury,Ray,M,,yes,yes,
443,9/1/1963,1963,Stephen Barr,The Mirror of Gigantic Shadows,fiction,Barr,Stephen,M,,,,
444,9/1/1963,1963,Theodore Sturgeon,Noon Gun,fiction,Sturgeon,Theodore,M,,,,
445,9/1/1963,1963,,Buckskin Man,ribald classic,,,N/A,,,,
446,10/1/1963,1963,Bernard Wolfe,The Going Price for Adoration,fiction,Wolfe,Bernard,M,,,,
447,10/1/1963,1963,Frederic Brown,It Didn't Happen,fiction,Brown,Frederic,M,,,,
448,10/1/1963,1963,Jack Finney,No Time for the Billiard Ballet,fiction,Finney,Jack,M,,yes,,
449,10/1/1963,1963,Peter Sourian,The Calfayan Collection,fiction,Sourian,Peter,M,,,,
450,10/1/1963,1963,,Persuasion,ribald classic,,,N/A,,,,
451,11/1/1963,1963,Borden Deal,The Strange Gig,fiction,Deal,Borden,M,,,,
452,11/1/1963,1963,John Reese,Ambush,fiction,Reese,John,M,,,,
453,11/1/1963,1963,Petronius,The Eighth Wonder of the World,ribald classic,,Petronius,M,,,,
454,11/1/1963,1963,William Tenn,Bernie the Faust,fiction,Tenn,William,M,,,,
455,12/1/1963,1963,Alberto Moravia,Eyewitness,fiction,Moravia,Alberto,M,,,,
456,12/1/1963,1963,Anatole Broyard,Conversation Over Moo Goo Gai Pan,fiction,Broyard,Anatole,M,,,,
457,12/1/1963,1963,Lawrence Durrell,A Corking Evening,fiction,Durrell,Lawrence,M,,yes,,
458,12/1/1963,1963,Ray Bradbury,The Vacation,fiction,Bradbury,Ray,M,,yes,yes,
459,12/1/1963,1963,Robert Bloch,Beelzebub,fiction,Bloch,Robert,M,,,,
460,12/1/1963,1963,,The Lady and the Wench,ribald classic,,,N/A,,,,
461,1/1/1964,1964,Frederic Morton,The Homecoming,fiction,Morton,Frederic,M,,,,
462,1/1/1964,1964,Ian Fleming,The Property of a Lady,fiction,Fleming,Ian,M,,yes,,
463,1/1/1964,1964,Philip Roth,An Actor's Life for Me,fiction,Roth,Philip,M,,yes,yes,
464,1/1/1964,1964,,The Most Remarkable Dream,ribald classic,,,N/A,,,,
465,2/1/1964,1964,Jack Raphael Guss,Where Does It Say In Freud?,fiction,Guss,Jack Raphael,M,,,,
466,2/1/1964,1964,P.G. Wodehouse,Biffen's Millions,novel,Wodehouse,P.G.,M,,,,
467,2/1/1964,1964,Pat Frank,The Nightmare,fiction,Frank,Pat,M,,yes,,
468,2/1/1964,1964,,Angelique's Delightful Deception,ribald classic,,,N/A,,,,
469,3/1/1964,1964,Jon Edward Manson,The Delicate Operation,fiction,Manson,Jon Edward,M,,,,
470,3/1/1964,1964,P.G. Wodehouse,Biffen's Millions,novel,Wodehouse,P.G.,M,,,,
471,3/1/1964,1964,Romain Gary,"A Bit of a Dreamer, A Bit of a Fool",fiction,Gary,Romain,M,,yes,,
472,3/1/1964,1964,,The Tale of a Welcoming Wife,ribald classic,,,N/A,,,,
473,4/1/1964,1964,Frederik Pohl,The Field,fiction,Pohl,Frederik,M,,,,
474,4/1/1964,1964,Ian Fleming,You Only Live Twice,novel,Fleming,Ian,M,,yes,,
475,4/1/1964,1964,John Keats,You Could Always Hope,fiction,Keats,John,M,,,,
476,4/1/1964,1964,,The Crafty Counsel of Colonel Bioni,ribald classic,,,N/A,,,,
477,5/1/1964,1964,Arthur C. Clarke,The Food of the Gods,fiction,Clarke,Arthur C.,M,,yes,,
478,5/1/1964,1964,Ian Fleming,You Only Live Twice,novel,Fleming,Ian,M,,yes,,
479,5/1/1964,1964,Ken Purdy,Portrait of Charles Boyd,fiction,Purdy,Ken,M,,,,
480,5/1/1964,1964,Miguel de Cervantes,The Anguish of Anselmo,ribald classics,Cervantes,Miguel,M,,,,
481,5/1/1964,1964,William Wiser,I'm Just a Travelling Man,fiction,Wiser,William,M,yes,,,
482,6/1/1964,1964,Herbert Gold,Jackpot,fiction,Gold,Herbert,M,,yes,yes,
483,6/1/1964,1964,Ian Fleming,You Only Live Twice,novel,Fleming,Ian,M,,yes,,
484,6/1/1964,1964,Prentiss Combs,The Wind Devil,fiction,Combs,Prentiss,M,,,,
485,6/1/1964,1964,Somadeva,The Thieves of Love,ribald classic,,Somadeva,M,,,,
486,7/1/1964,1964,Robert Cenedella,Where All Things Wise and Fair Descend,fiction,Cenedella,Robert,M,,,,
487,7/1/1964,1964,Walt Grove,John Grant's Little Angel,fiction,Grove,Walt,M,,,,
488,7/1/1964,1964,William Saroyan,A New Chapter in th Human Comedy,fiction,Saroyan,William,M,,yes,,
489,7/1/1964,1964,,The Conquest of A Clever Clerk,ribald classic,,,N/A,,,,
490,8/1/1964,1964,Arthur C. Clarke,The Shining Ones,fiction,Clarke,Arthur C.,M,,yes,,
491,8/1/1964,1964,Herbert Gold,The Happy Hipster,fiction,Gold,Herbert,M,,yes,yes,
492,8/1/1964,1964,Le Sage,The Deceit of Danaë,ribald classic,Sage,Le,M,,,,
493,8/1/1964,1964,Ray Russell,And I Mean That Sincerely!,fiction,Russell,Ray,M,,,,
494,8/1/1964,1964,William Wiser,The Moor's Tale,fiction,Wiser,William,M,yes,,,
495,9/1/1964,1964,Daniel A. Jenkins,Bertram and the Networks,fiction,Jenkins,Daniel A.,M,,,,
496,9/1/1964,1964,J.P. Donleavy,"Youth, Love, Death",fiction,Donleavy,J.P.,M,,yes,yes,
497,9/1/1964,1964,John Tomerlin,Side by Side,fiction,Tomerlin,John,M,,,,
498,9/1/1964,1964,,The Wily Deception of Wasil,ribald classic,,,N/A,,,,
499,10/1/1964,1964,Bernard Wolfe,Sue Me Rich,fiction,Wolfe,Bernard,M,,,,
500,10/1/1964,1964,David Duncan,Requiem on the Moon,fiction,Duncan,David,M,,,,
501,10/1/1964,1964,Ken Purdy,The Brass Telephone,fiction,Purdy,Ken,M,,,,
502,10/1/1964,1964,Prentiss Combs,The Touched Nest,fiction,Combs,Prentiss,M,,,,
503,10/1/1964,1964,Ray Bradbury,Heavy Set,fiction,Bradbury,Ray,M,,yes,yes,
504,10/1/1964,1964,Ser Giovanni,"The Tutor Who Taught Too Well, Alas",ribald classic,Giovanni,Ser,M,,,,
505,11/1/1964,1964,Herbert Gold,Running Man,fiction,Gold,Herbert,M,,yes,yes,
506,11/1/1964,1964,Jack Sharkey,The Pool,fiction,Sharkey,Jack,M,,,,
507,11/1/1964,1964,Michael O'Connell,The Pirates of Padre Island,fiction,O'Connell,Michael,M,,,,
508,11/1/1964,1964,Ray Russell,Naked in Xanadu,fiction,Russell,Ray,M,,,,
509,11/1/1964,1964,,The Mark of a Master,ribald classic,,,N/A,,,,
510,12/1/1964,1964,Bernard Wolfe,The Dot and Dash Bird,fiction,Wolfe,Bernard,M,,,,
511,12/1/1964,1964,Frederic Morton,Velvet and Apollo,fiction,Morton,Frederic,M,,,,
512,12/1/1964,1964,Gerald Kersh,The Hunters,fiction,Kersh,Gerald,M,,yes,,
513,12/1/1964,1964,Hugh Nissenson,The Mission,fiction,Nissenson,Hugh,M,yes,,,
514,12/1/1964,1964,Irwin Shaw,"Once, In Aleppo",fiction,Shaw,Irwin,M,,yes,yes,
515,12/1/1964,1964,Lawrence Durrell,Sauve Qui Peut,fiction,Durrell,Lawrence,M,,yes,,
516,12/1/1964,1964,,The Virgin's Cup,ribald classic,,,N/A,,,,
517,1/1/1965,1965,Arthur C. Clarke,Dial 'F' for Frankenstein,fiction,Clarke,Arthur C.,M,,yes,,
518,1/1/1965,1965,Harold Pinter,Tea Party,fiction,Pinter,Harold,M,,,,
519,1/1/1965,1965,Jack Kerouac,Good Blonde,fiction,Kerouac,Jack,M,,yes,,
520,1/1/1965,1965,P.G. Wodehouse,Bingo Bans the Bomb,fiction,Wodehouse,P.G.,M,,,,
522,1/1/1965,1965,Vladimir Nabokov,The Eye,fiction,Nabokov,Vladimir,M,,yes,yes,
521,1/1/1965,1965,Shaikh al-Nefzawi,The Trial of a True Friend,ribald classic,Nefzawi,,M,,,,
523,2/1/1965,1965,Alastair Reid,My Friend Wainscott,fiction,Reid,Alastair,M,,,,
524,2/1/1965,1965,John Reese,Double Exposure,fiction,Reese,John,M,,,,
525,2/1/1965,1965,Ken Purdy,"The Time, Tomorrow",fiction,Purdy,Ken,M,,,,
526,2/1/1965,1965,Petronius,The Seduction of Cecilia,ribald classic,,Petronius,M,,,,
527,2/1/1965,1965,Vladimir Nabokov,The Eye,fiction,Nabokov,Vladimir,M,,yes,yes,
528,3/1/1965,1965,Calder Willingham,A Clowny Night in the Red-Eyed World,fiction,Willingham,Calder,M,,,,
529,3/1/1965,1965,Gerald Kersh,Somewhere Not Far From Here,fiction,Kersh,Gerald,M,,yes,,
530,3/1/1965,1965,Juan Timoneda,The Bounty of Belisa,ribald classic,Timoneda,Juan,M,,,,
531,3/1/1965,1965,Vladimir Nabokov,The Eye,fiction,Nabokov,Vladimir,M,,yes,yes,
532,3/1/1965,1965,Walt Grove,Oh Danny Boy,fiction,Grove,Walt,M,,,,
533,3/1/1965,1965,William Hoffman,The Waters of Stringray,fiction,Hoffman,William,M,yes,,,
534,4/1/1965,1965,Arthur C. Clarke,Maelstrom II,fiction,Clarke,Arthur C.,M,,yes,,
535,4/1/1965,1965,Ian Fleming,The Man with the Golden Gun,fiction,Fleming,Ian,M,,yes,,
536,4/1/1965,1965,Jack Finney,Double Take,fiction,Finney,Jack,M,,yes,,
537,4/1/1965,1965,P.G. Wodehouse,Stylish Stout,fiction,Wodehouse,P.G.,M,,,,
538,4/1/1965,1965,,Pomposity Repaid by a Knave,ribald classic,,,N/A,,,,
539,5/1/1965,1965,Ian Fleming,The Man with the Golden Gun,fiction,Fleming,Ian,M,,yes,,
540,5/1/1965,1965,J.G. Ballard,Souvenir,fiction,Ballard,J.G.,M,,,,
541,5/1/1965,1965,Roald Dahl,The Visitor,fiction,Dahl,Roald,M,,yes,,
542,5/1/1965,1965,William Saroyan,Being Refined,fiction,Saroyan,William,M,,yes,,
543,5/1/1965,1965,,The Invisible Lover,ribald classic,,,N/A,,,,
544,6/1/1965,1965,David Ely,The Academy,fiction,Ely,David,M,,,,
545,6/1/1965,1965,Ian Fleming,The Man with the Golden Gun,fiction,Fleming,Ian,M,,yes,,
546,6/1/1965,1965,Robert Ruark,Sheila,fiction,Ruark,Robert,M,,yes,,
547,6/1/1965,1965,,The Tale of an Ass,ribald classic,,,N/A,,,,
548,7/1/1965,1965,Avram Davidson,The Invasion,fiction,Davidson,Avram,M,,,,
549,7/1/1965,1965,Herbert Gold,The Game of Hide and Seek,fiction,Gold,Herbert,M,,yes,yes,
550,7/1/1965,1965,Hoke Norris,Look Away,fiction,Norris,Hoke,M,,,,
551,7/1/1965,1965,Ian Fleming,The Man with the Golden Fun,fiction,Fleming,Ian,M,,yes,,
552,7/1/1965,1965,,The Choice of Ilonka the Chaste,ribald classic,,,N/A,,,,
553,8/1/1965,1965,Abdullah Ben Almocaffa,The Sheet of Love,ribald classic,Almocaffa,Abdullah Ben,M,,,,
554,8/1/1965,1965,Henry Slesar,Melodramine,fiction,Slesar,Henry,M,,,,
555,8/1/1965,1965,Ken Purdy,Friendship,fiction,Purdy,Ken,M,,,,
556,8/1/1965,1965,Paul Darcy Boles,The Most Beautiful Race in the World,fiction,Boles,Paul Darcy,M,,,,
557,8/1/1965,1965,Robert Ruark,Barbara,fiction,Ruark,Robert,M,,yes,,
558,9/1/1965,1965,Algis Budrys,The Ultimate Brunette,fiction,Budrys,Algis,M,,,,
559,9/1/1965,1965,Herbert Gold,An Unevenness of Blessings,fiction,Gold,Herbert,M,,yes,yes,
560,9/1/1965,1965,Marguerite de Navarre,The Quick-Witted Miller,ribald classic,Navarre,Marguerite,F,,,,
561,9/1/1965,1965,Ray Russell,Chariot of Fire,fiction,Russell,Ray,M,,,,
562,9/1/1965,1965,Robert Ruark,Afternoon in Andalusia,fiction,Ruark,Robert,M,,yes,,
563,9/1/1965,1965,William Pearson,The Muses of Ruin,fiction,Pearson,William,M,,yes,,
564,10/1/1965,1965,Herbert Gold,City of Light '65,fiction,Gold,Herbert,M,,yes,yes,
565,10/1/1965,1965,Pietro di Donato,The Fireplace,fiction,Donato,Pietro,M,yes,yes,,
566,10/1/1965,1965,Theodore Sturgeon,The Nail and the Oracle,fiction,Sturgeon,Theodore,M,,,,
567,10/1/1965,1965,,Lotus Blossoms,ribald classic,,,N/A,,,,
568,11/1/1965,1965,David Ely,An Angel of Mercy,fiction,Ely,David,M,,,,
569,11/1/1965,1965,Frederic Morton,Etta at Night,fiction,Morton,Frederic,M,,,,
570,11/1/1965,1965,Masuccio	Salernitano,A Scamp and his Bagpipes Bold,ribald classic,Salernitano,Masuccio,M,,,,
571,11/1/1965,1965,Norman Spinrad,Deathwatch,fiction,Spinrad,Norman,M,,,,
572,11/1/1965,1965,T.K. Brown III,The Goblin of Curtery Sink,fiction,Brown,T.K.,M,,,,
573,12/1/1965,1965,Alexander Pushkin,Czar Nikita and His 40 Daughters,ribald classic,Pushkin,Alexander,M,,,,
574,12/1/1965,1965,Evan Hunter,The Birthday Party,fiction,Hunter,Evan,M,,yes,,
575,12/1/1965,1965,John le Carré,Bread on the Waters,fiction,Carré,John,M,,yes,yes,
576,12/1/1965,1965,P.G. Wodehouse,Jeeves and the Greasy Bird,fiction,Wodehouse,P.G.,M,,,,
577,12/1/1965,1965,Vladimir Nabokov,Despair,fiction,Nabokov,Vladimir,M,,yes,yes,
578,1/1/1966,1966,Budd Schulberg,Señor Discretion Himself,fiction,Schulberg,Budd,M,,yes,,
579,1/1/1966,1966,James Baldwin,The Man Child,fiction,Baldwin,James,M,,yes,yes,
580,1/1/1966,1966,Roald Dahl,The Last Act,fiction,Dahl,Roald,M,,yes,,
581,1/1/1966,1966,Vladimir Nabokov,Despair,fiction,Nabokov,Vladimir,M,,yes,yes,
582,1/1/1966,1966,,Flamenca's Bath,ribald classic,,,N/A,,,,
583,2/1/1966,1966,Bernard Wolfe,How Simon Got His Bureau,fiction,Wolfe,Bernard,M,,,,
584,2/1/1966,1966,Boccaccio,Madam Filippa's Defense,ribald classic,,Boccaccio,M,,,,
585,2/1/1966,1966,Vladimir Nabokov,Despair,fiction,Nabokov,Vladimir,M,,yes,yes,
586,2/1/1966,1966,William Saroyan,A Valentine,fiction,Saroyan,William,M,,yes,,
587,3/1/1966,1966,Allan Seager,The Good Doctor,fiction,Seager,Allan,M,yes,,,
588,3/1/1966,1966,Csonka,The Purple Grapes of Queen Julishka,ribald classic,,Csonka,N/A,,,,
589,3/1/1966,1966,Ian Fleming,Octopussy,fiction,Fleming,Ian,M,,yes,,
590,3/1/1966,1966,Pietro di Donato,O'Hara's Love,fiction,Donato,Pietro,M,yes,yes,,
591,3/1/1966,1966,Vladimir Nabokov,Despair,fiction,Nabokov,Vladimir,M,,yes,yes,
592,4/1/1966,1966,Herbert Gold,"Marriage, Food, Money, Children, Ice Skating",fiction,Gold,Herbert,M,,yes,yes,
593,4/1/1966,1966,Ian Fleming,Octopussy,fiction,Fleming,Ian,M,,yes,,
594,4/1/1966,1966,Ken Purdy,Chronicle of An Event,fiction,Purdy,Ken,M,,,,
595,4/1/1966,1966,Vladimir Nabokov,Despair,fiction,Nabokov,Vladimir,M,,yes,yes,
596,4/1/1966,1966,,The Double Deception of Janos the Jack,ribald classic,,,N/A,,,,
597,5/1/1966,1966,Bernard Wolfe,The Roach Powder in the Maple Walnut,fiction,Wolfe,Bernard,M,,,,
598,5/1/1966,1966,Frank Dobinson,The Master Copy,fiction,Dobinson,Frank,M,,,,
599,5/1/1966,1966,Pietro di Donato,The Hayloft,fiction,Donato,Pietro,M,yes,yes,,
600,5/1/1966,1966,Tom Mayer,The Earnest Sprints,fiction,Mayer,Tom,M,,,,
601,5/1/1966,1966,,The Cunning of Khalbas The Cuckold,ribald classic,,,N/A,,,,
602,6/1/1966,1966,Arthur C. Clarke,The Light of Darkness,fiction,Clarke,Arthur C.,M,,yes,,
603,6/1/1966,1966,Dan Wakefield,The Rich Girl,fiction,Wakefield,Dan,M,yes,,,
604,6/1/1966,1966,Herbert Gold,My Father and His Gangsters,fiction,Gold,Herbert,M,,yes,yes,
605,6/1/1966,1966,Masuccio	Salernitano,The Miller Would A Cobbler Be,ribald classic,Salernitano,Masuccio,M,,,,
606,7/1/1966,1966,Ray Russell,The Better Man,fiction,Russell,Ray,M,,,,
607,7/1/1966,1966,William Saroyan,Don't Laugh Unless It's Funny,fiction,Saroyan,William,M,,yes,,
608,7/1/1966,1966,,The Generous Gift of Gabon,ribald classic,,,N/A,,,,
609,8/1/1966,1966,Gahan Wilson,The Manuscript of Doctor Arness,fiction,Wilson,Gahan,M,,,,
610,8/1/1966,1966,Herbert Gold,"My Father, His Father and Ben",fiction,Gold,Herbert,M,,yes,yes,
611,8/1/1966,1966,Ken Purdy,"Hello Charlie, Goodbye",fiction,Purdy,Ken,M,,,,
612,8/1/1966,1966,,An Unusual Cure for A Pain in the Eye,ribald classic,,,N/A,,,,
613,9/1/1966,1966,Garson Kanin,Buddy-buddy,fiction,Kanin,Garson,M,,yes,,
614,9/1/1966,1966,Harry Mark Petrakis,The Gold of Troy,fiction,Petrakis,Harry Mark,M,,yes,,
615,9/1/1966,1966,John Christopher,Rendezvous,fiction,Christopher,John,M,,,,
616,9/1/1966,1966,Lawrence Durrell,All to Scale,fiction,Durrell,Lawrence,M,,yes,,
617,9/1/1966,1966,,A Matter of Triple Duplicity,ribald classic,,,N/A,,,,
618,10/1/1966,1966,Honore de Balzac,A Crafty Constable Confounded,ribald classic,Balzac,Honore,M,,,,
619,10/1/1966,1966,Hugh Nissenson,A Woman for Titus,fiction,Nissenson,Hugh,M,yes,,,
620,10/1/1966,1966,Ken Purdy,Untitled,fiction,Purdy,Ken,M,,,,
621,10/1/1966,1966,P.G. Wodehouse,First Aid for Freddie,fiction,Wodehouse,P.G.,M,,,,
622,10/1/1966,1966,Ray Bradbury,The Man in the Rorschach Shirt,fiction,Bradbury,Ray,M,,yes,yes,
623,11/1/1966,1966,Gabriel Chappuys,The Merry Nights of Mistinguette,ribald classic,Chappuys,Gabriel,M,,,,
624,11/1/1966,1966,Herbert Gold,The Ancient Company,fiction,Gold,Herbert,M,,yes,yes,
625,11/1/1966,1966,Ray Russell,A Most Miraculous Organ,fiction,Russell,Ray,M,,,,
626,11/1/1966,1966,William Saroyan,The Swimmers,fiction,Saroyan,William,M,,yes,,
627,12/1/1966,1966,Arthur C. Clarke,Playback,fiction,Clarke,Arthur C.,M,,yes,,
628,12/1/1966,1966,Frederik Pohl,Lovemaking,fiction,Pohl,Frederik,M,,,,
629,12/1/1966,1966,Garson Kanin,The Only Game in Town,fiction,Kanin,Garson,M,,yes,,
630,12/1/1966,1966,Gerald Kersh,The Truth about Orlik,fiction,Kersh,Gerald,M,,yes,,
631,12/1/1966,1966,Len Deighton,An Expensive Place to Die,fiction,Deighton,Len,M,,yes,,
632,12/1/1966,1966,Mackinlay Kantor,So Pretty and So Green,fiction,Kantor,Mackinlay,M,,yes,yes,
633,12/1/1966,1966,Poggio Florentino,The Scape he Would a Scribbler Be,ribald classic,Florentino,Poggio,M,,,,
634,12/1/1966,1966,Robert Ruark,Accidentally Good,fiction,Ruark,Robert,M,,yes,,
635,12/1/1966,1966,Thomas M. Disch,Cephalotron,fiction,Disch,Thomas M.,M,,,,
636,1/1/1967,1967,Bede Istvan,The Romantic Cask of Bornemisza,ribald classic,Istvan,Bede,M,,,,
637,1/1/1967,1967,Isaac Bashevis Singer,The Riddle,fiction,Singer,Isaac Bashevis,M,yes,yes,yes,
638,1/1/1967,1967,Len Deighton,An Expensive Place to Die,fiction,Deighton,Len,M,,yes,,
639,1/1/1967,1967,P.G. Wodehouse,George and Alfred,fiction,Wodehouse,P.G.,M,,,,
640,1/1/1967,1967,Ray Bradbury,The Lost City of Mars,fiction,Bradbury,Ray,M,,yes,yes,
641,1/1/1967,1967,Robert Graves,"No, Mac, It Just Wouldn't Work",fiction,Graves,Robert,M,,yes,,
642,2/1/1967,1967,"E.J. Kahn, Jr.",The Raffle,fiction,Kahn,E.J.,M,,,,
643,2/1/1967,1967,Irwin Shaw,Where Al Things Wise and Fair Descend,fiction,Shaw,Irwin,M,,yes,yes,
644,2/1/1967,1967,Jerome Weidman,Second Breakfast,fiction,Weidman,Jerome,M,,yes,,
645,2/1/1967,1967,Len Deighton,An Expensive Place to Die,fiction,Deighton,Len,M,,yes,,
646,2/1/1967,1967,Min-Chien,A Strange Device for a Faithful Wife,ribald classic,,Min-Chien,M,,,,
647,2/1/1967,1967,Richard Fariña,Long Time Coming and a Long Time Gone,fiction,Fariña,Richard,M,,,,
648,3/1/1967,1967,Calvin Tomkins,Virginia,fiction,Tomkins,Calvin,M,,,,
649,3/1/1967,1967,Harry Mark Petrakis,The Witness,fiction,Petrakis,Harry Mark,M,,yes,,
650,3/1/1967,1967,Len Deighton,An Expensive Place to Die,fiction,Deighton,Len,M,,yes,,
651,3/1/1967,1967,Ray Russell,Comet Wine,fiction,Russell,Ray,M,,,,
652,3/1/1967,1967,,The Lady's Tale,ribald classic,,,N/A,,,,
653,4/1/1967,1967,Herb Gardner,Guess Who Died?,fiction,Gardner,Herb,M,,,,
654,4/1/1967,1967,John Wain,While the Sun Shines,fiction,Wain,John,M,,,,
655,4/1/1967,1967,Michael Frayn,Dyson on the Box,fiction,Frayn,Michael,M,,,,
656,4/1/1967,1967,William F. Nolan,The Party,fiction,Nolan,William F.,M,,,,
657,4/1/1967,1967,,Measure for Pleasure,ribald classic,,,N/A,,,,
658,5/1/1967,1967,Gahan Wilson,The Sea was Wet was Wet Could Be,fiction,Wilson,Gahan,M,,,,
660,5/1/1967,1967,John Wyndham,Wise Child,fiction,Wyndham,John,M,,,,
659,5/1/1967,1967,John D. MacDonald,Quarrel,fiction,MacDonald,John D.,M,,yes,,
661,5/1/1967,1967,Karl Prentiss,"You May Well Wonder, Marty",fiction,Prentiss,Karl,M,,,,
662,5/1/1967,1967,Marguerite de Navarre,A French Lesson,ribald classic,Navarre,Marguerite,F,,,,
663,5/1/1967,1967,Rafael Steinberg,Day of Good Fortune,fiction,Steinberg,Rafael,M,,,,
664,6/1/1967,1967,Frank Robinson,The Wreck of the Ship John B.,fiction,Robinson,Frank,M,,,,
665,6/1/1967,1967,Herbert Gold,Peacock Dreams,fiction,Gold,Herbert,M,,yes,yes,
666,6/1/1967,1967,Hoke Norris,"It's No Far, But I don't Know the Way",fiction,Norris,Hoke,M,,,,
667,6/1/1967,1967,James Cross,Pin Money,fiction,Cross,James,M,yes,,,
668,6/1/1967,1967,,How the Sultan Made Peace in His Harem,ribald classic,,,N/A,,,,
669,7/1/1967,1967,Evan Hunter,A Horse's Head,fiction,Hunter,Evan,M,,yes,,
670,7/1/1967,1967,Henry Slesar,The Prisoner,fiction,Slesar,Henry,M,,,,
671,7/1/1967,1967,James Leo Herlihy,"Laughs, Etc",fiction,Herlihy,James Leo,M,,yes,,
672,7/1/1967,1967,P.G. Wodehouse,Ukridge Starts a Bank Account,fiction,Wodehouse,P.G.,M,,,,
673,7/1/1967,1967,,How T'ai Hao Drove the Devils Out,ribald classic,,,N/A,,,,
674,8/1/1967,1967,Abbe de Brantome,The Double Talk of Love,ribald classic,Brantome,Abbe,M,,,,
675,8/1/1967,1967,Evan Hunter,A Horse's Head,fiction,Hunter,Evan,M,,yes,,
676,8/1/1967,1967,G.L. Tassone,Room 312,fiction,Tassone,G.L.,N/A,,,,
677,8/1/1967,1967,Gerald Green,The Dispatcher,fiction,Green,Gerald,M,,yes,,
678,8/1/1967,1967,William Wiser,The Man Who Wrote Letters to Presidents,fiction,Wiser,William,M,yes,,,
679,9/1/1967,1967,Harry Brown,A Small Buffet in Maldita,fiction,Brown,Harry,M,,,,
680,9/1/1967,1967,Isaac Bashevis Singer,The Courtship,fiction,Singer,Isaac Bashevis,M,yes,yes,yes,
681,9/1/1967,1967,Ken Purdy,Testimony Concerning Edward Darwin Caparell,fiction,Purdy,Ken,M,,,,
682,9/1/1967,1967,Poggio Bracciolini,"Dumb Jaime, And How He Spoke",ribald classic,Bracciolini,Poggio,M,,,,
683,9/1/1967,1967,Robert Kaufman,Please Don't Talk to Me--I'm in Training,fiction,Kaufman,Robert,M,,,,
685,10/1/1967,1967,Ray Russell,Ripples,fiction,Russell,Ray,M,,,,
686,10/1/1967,1967,William F. Nolan,The Pop-Op Caper,fiction,Nolan,William F.,M,,,,
684,10/1/1967,1967,Harlan Ellison; Haskell Barkin,Do It For A Penny?,fiction,,,N/A,,,,
687,10/1/1967,1967,,Lust of the Holy Man,ribald classic,,,N/A,,,,
688,11/1/1967,1967,Evan Hunter,The Sharers,fiction,Hunter,Evan,M,,yes,,
689,11/1/1967,1967,Frederik Pohl,Speed Trap,fiction,Pohl,Frederik,M,,,,
690,11/1/1967,1967,Ken Purdy,"Long Way Up, Short Way Down",fiction,Purdy,Ken,M,,,,
691,11/1/1967,1967,Robie Macauley,The Day,fiction,Macauley,Robie,M,,,,
692,11/1/1967,1967,,Something Better Than Marriage,ribald classic,,,N/A,,,,
693,12/1/1967,1967,Irwin Shaw,The Mannichon Solution,fiction,Shaw,Irwin,M,,yes,yes,
694,12/1/1967,1967,Isaac Bashevis Singer,The Lecture,fiction,Singer,Isaac Bashevis,M,yes,yes,yes,
695,12/1/1967,1967,Jacob Brackman,Dance With a Stranger,fiction,Brackman,Jacob,M,,,,
696,12/1/1967,1967,P.G. Wodehouse,A Good Cigar Is a Smoke,fiction,Wodehouse,P.G.,M,,,,
697,12/1/1967,1967,,Why Napoleon Erected the Obelisk,ribald classic,,,N/A,,,,
698,1/1/1968,1968,Alexander Dumas,The Bloody Bey's Silver Cup,ribald classic,Dumas,Alexander,M,,,,
699,1/1/1968,1968,Budd Schulberg,A Latin from Killarnet,fiction,Schulberg,Budd,M,,yes,,
700,1/1/1968,1968,John Cheever,The Yellow Room,fiction,Cheever,John,M,,yes,yes,
701,1/1/1968,1968,Kurt Vonnegut,Welcome to the Monkey House,fiction,Vonnegut,Kurt,M,,yes,yes,
702,1/1/1968,1968,Saul Bellow,The Old System,fiction,Bellow,Saul,M,,yes,yes,
703,2/1/1968,1968,Bernard Malamud,A Pimp's Revenge,fiction,Malamud,Bernard,M,,yes,yes,
704,2/1/1968,1968,Bernard Wolfe,The Hot Sauces of Magda,fiction,Wolfe,Bernard,M,,,,
705,2/1/1968,1968,Robert Coover,The Hat Act,fiction,Coover,Robert,M,yes,yes,yes,
706,2/1/1968,1968,,Tears and Laughter,ribald classic,,,N/A,,,,
707,3/1/1968,1968,Ernest Borneman,Cable From Mr. Menzies,fiction,Borneman,Ernest,M,,,,
708,3/1/1968,1968,George Byram,The Chronicle of the 656th,fiction,Byram,George,M,,,,
709,3/1/1968,1968,Italo Calvino,The Origin of Everything,fiction,Calvino,Italo,M,,,,
710,3/1/1968,1968,John Porter,The Age of Descent,fiction,Porter,John,M,,,,
711,3/1/1968,1968,,The Boisterous Bonze Thich Xuan,ribald classic,,,N/A,,,,
712,4/1/1968,1968,John Knowles,The Reading of the Will,fiction,Knowles,John,M,,yes,yes,
713,4/1/1968,1968,John McPhee,"Ruth, the Sun is Shining",fiction,McPhee,John,M,,,yes,
714,4/1/1968,1968,Ray Russell,Turn Left at Mata Hari,fiction,Russell,Ray,M,,,,
715,4/1/1968,1968,William F. Nolan,Papa's Planet,fiction,Nolan,William F.,M,,,,
716,4/1/1968,1968,,The Miniskirt,ribald classic,,,N/A,,,,
717,5/1/1968,1968,Gerald Cleaver,Never Press the Lapels,fiction,Cleaver,Gerald,M,,,,
718,5/1/1968,1968,Isaac Bashevis Singer,Henne Fire,fiction,Singer,Isaac Bashevis,M,yes,yes,yes,
719,5/1/1968,1968,J.G. Ballard,The Dead Astronaut,fiction,Ballard,J.G.,M,,,,
720,5/1/1968,1968,John D. MacDonald,The Annex,fiction,MacDonald,John D.,M,,yes,,
721,5/1/1968,1968,,The Virgin of Venice,ribald classic,,,N/A,,,,
722,6/1/1968,1968,Guillaume de Poitiers,Once In Auvergne,ribald classic,Poitiers,Guillaume,M,,,,
723,6/1/1968,1968,Herbert Gold,Girl Getting Educated At Noon on Sunday,fiction,Gold,Herbert,M,,yes,yes,
724,6/1/1968,1968,Hoke Norris,Ghost,fiction,Norris,Hoke,M,,,,
725,6/1/1968,1968,John T. Sladek,The Man From Not-Yet,fiction,Sladek,John T.,M,,,,
726,6/1/1968,1968,Richard Duggin,Gamma Gamma Gamma,fiction,Duggin,Richard,M,yes,,,
727,7/1/1968,1968,Damon Knight,Masks,fiction,Knight,Damon,M,,,,
728,7/1/1968,1968,John Cheever,Playing Fields,fiction,Cheever,John,M,,yes,yes,
729,7/1/1968,1968,Stan Dryer,The Fully Automated Love Life of Henry Keanridge,fiction,Dryer,Stan,M,,,,
730,7/1/1968,1968,,The Last Stratagem,ribald classic,,,N/A,,,,
731,8/1/1968,1968,Ken Purdy,The Antine Bay Magenta,fiction,Purdy,Ken,M,,,,
732,8/1/1968,1968,Ron Goulart,The Trouble with Machines,fiction,Goulart,Ron,M,,,,
733,8/1/1968,1968,Stephen Dixon,The Young Man Who Read Brilliant Books,fiction,Dixon,Stephen,M,yes,,yes,
734,8/1/1968,1968,,Done With Mirrors,ribald classic,,,N/A,,,,
735,9/1/1968,1968,David Madden,The Day the Flowers Came,fiction,Madden,David,M,,,,
736,9/1/1968,1968,Donald E. Westlake,It,fiction,Westlake,Donald E.,M,,,,
737,9/1/1968,1968,Kurt Vonnegut,Fortitude,fiction,Vonnegut,Kurt,M,,yes,yes,
738,9/1/1968,1968,Ray Russell,Here Comes John Henry,fiction,Russell,Ray,M,,,,
739,9/1/1968,1968,,The Unpeeled Pear,ribald classic,,,N/A,,,,
740,10/1/1968,1968,J.P. Donleavy,Rite of Love,fiction,Donleavy,J.P.,M,,yes,yes,
741,10/1/1968,1968,Jeremiah McMahon,Mr. Swift and His Remarkable Thing,fiction,McMahon,Jeremiah,M,,,,
742,10/1/1968,1968,William Melvin Kelley,The Dentist's Wife,fiction,Kelley,William Melvin,M,,,yes,
743,10/1/1968,1968,,The Mysterious Lover,ribald classic,,,N/A,,,,
744,11/1/1968,1968,Allan Seager,Colorless In Limestone Caverns,fiction,Seager,Allan,M,yes,,,
745,11/1/1968,1968,J.P. Donleavy,A Fair Festivity,fiction,Donleavy,J.P.,M,,yes,yes,
746,11/1/1968,1968,Jeffery Hudson,How Does That Make You Feel?,fiction,Hudson,Jeffery,M,,,,
747,11/1/1968,1968,Michael Laurence,The Legacy,fiction,Laurence,Michael,M,,,,
748,11/1/1968,1968,,The Bell Witch,ribald classic,,,N/A,,,,
749,12/1/1968,1968,Alberto Moravia,Roman Quartet,fiction,Moravia,Alberto,M,,,,
750,12/1/1968,1968,Ben Maddow,The Circumcision of James Buttonwood,fiction,Maddow,Ben,M,yes,,,
751,12/1/1968,1968,Francis Clifford,Another Way of Dying,fiction,Clifford,Francis,M,,,,
752,12/1/1968,1968,Harry Mark Petrakis,Dark Eye,fiction,Petrakis,Harry Mark,M,,yes,,
753,12/1/1968,1968,Johann Wolfgang von Goethe,The Diary,fiction,Goethe,Johann Wolfgang,M,,,,
754,12/1/1968,1968,Ken Purdy,"Big Daddy Says Yes, Big Daddy Says No",fiction,Purdy,Ken,M,,,,
755,1/1/1969,1969,Francis Clifford,Another Way of Dying,fiction,Clifford,Francis,M,,,,
756,1/1/1969,1969,Frederik Pohl,The Schematic Man,fiction,Pohl,Frederik,M,,,,
757,1/1/1969,1969,Lytton Strachey,Ermyntrude and Esmeralda,fiction,Strachey,Lytton,M,,,,
758,1/1/1969,1969,Robert Coover,Incident in the Streets of the City,fiction,Coover,Robert,M,yes,yes,yes,
759,1/1/1969,1969,Sean O'Faolain,The Talking Trees,fiction,O'Faolain,Sean,M,,,,
760,2/1/1969,1969,Francis Clifford,Another Way of Dying,fiction,Clifford,Francis,M,,,,
761,2/1/1969,1969,Irwin Shaw,Whispers In Bedlam,fiction,Shaw,Irwin,M,,yes,yes,
762,2/1/1969,1969,James D. Houston,On His Way to Employ's Bike Shop,fiction,Houston,James D.,M,yes,,,
763,2/1/1969,1969,T.K. Brown III,Midnight Snack,fiction,Brown,T.K.,M,,,,
764,2/1/1969,1969,,The Meek Wolf Among the Savage Lambs,ribald classic,,,N/A,,,,
765,3/1/1969,1969,James Aldridge,The Unfinished Soldiers,fiction,Aldridge,James,M,,yes,,
766,3/1/1969,1969,James Leigh,Yes It's Me and I'm Late Again,fiction,Leigh,James,M,,,,
767,3/1/1969,1969,Ned Ward,The Butler Did It,ribald classic,Ward,Ned,M,,,,
768,3/1/1969,1969,Robert McNear,Death's Door,fiction,McNear,Robert,M,,,,
769,3/1/1969,1969,Ron Goulart,A Man's Home in His Castle,fiction,Goulart,Ron,M,,,,
770,4/1/1969,1969,Patrick McGivern,Master of the Ball Hawks,fiction,McGivern,Patrick,M,,,,
771,4/1/1969,1969,Richard Matheson,Prey,fiction,Matheson,Richard,M,,,,
772,4/1/1969,1969,Vladimir Nabokov,Ada,fiction,Nabokov,Vladimir,M,,yes,yes,
773,4/1/1969,1969,,The Fixer,ribald classic,,,N/A,,,,
774,5/1/1969,1969,Arthur Koestler,The Chimeras,fiction,Koestler,Arthur,M,,yes,,
775,5/1/1969,1969,Stephen Dixon,Berry-Smashing Day at the C&L,fiction,Dixon,Stephen,M,yes,,yes,
776,5/1/1969,1969,Thomas Livingston,The Arbitrator,fiction,Livingston,Thomas,M,,,,
777,5/1/1969,1969,Warner Law,The $1000 Cup of Crazy German Coffee,fiction,Law,Warner,M,,,,
778,5/1/1969,1969,,The Pious Matchmaker,ribald classic,,,N/A,,,,
779,6/1/1969,1969,Frank Robinson,A Life in the Day Of,fiction,Robinson,Frank,M,,,,
780,6/1/1969,1969,Henry Slesar,"I Do Not Like Thee, Dr. Feldman",fiction,Slesar,Henry,M,,,,
781,6/1/1969,1969,Ray Bradbury,Downwind From Gettysburg,fiction,Bradbury,Ray,M,,yes,yes,
782,6/1/1969,1969,Ray Russell,Gemini,fiction,Russell,Ray,M,,,,
783,6/1/1969,1969,Restif de La Bretonne,The Lady in Green Slippers,ribald classics,La Bretonne,Restif,M,,,,
784,7/1/1969,1969,Donald E. Westlake,Somebody Owes Me Money,fiction,Westlake,Donald E.,M,,,,
785,7/1/1969,1969,Evan Hunter,Beginnings,fiction,Hunter,Evan,M,,yes,,
786,7/1/1969,1969,R.K. Narayan,A Breath of Lucifer,fiction,Narayan,R.K.,M,,,,
787,7/1/1969,1969,,The Worshipful Widow,ribald classic,,,N/A,,,,
788,8/1/1969,1969,Brock Brower,Quick Hop,fiction,Brower,Brock,M,yes,,,
789,8/1/1969,1969,Donald E. Westlake,Somebody Owes Me Money,fiction,Westlake,Donald E.,M,,,,
790,8/1/1969,1969,Ernest Taves,The Fire Fighters,fiction,Taves,Ernest,M,,,,
791,8/1/1969,1969,Robert Sheckley,Can You Feel Anything When I Do This?,fiction,Sheckley,Robert,M,,,,
792,8/1/1969,1969,,Fair Share,ribald classic,,,N/A,,,,
793,9/1/1969,1969,C.D. Hill,The Shameless Shiksa,fiction,Hill,C.D.,F,,,,
794,9/1/1969,1969,John Updike,"I Am Dying, Egypt, Dying",fiction,Updike,John,M,,yes,yes,
795,9/1/1969,1969,Ken Purdy,The Dannold Cheque,fiction,Purdy,Ken,M,,,,
796,9/1/1969,1969,,The Silver Nut of the Calliope Tree,ribald classic,,,N/A,,,,
797,10/1/1969,1969,Asa Baber,Revelations,fiction,Baber,Asa,M,,,,
798,10/1/1969,1969,Harry Brown,The Truth,fiction,Brown,Harry,M,,,,
799,10/1/1969,1969,Isaac Bashevis Singer,On The Way to the Poorhouse,fiction,Singer,Isaac Bashevis,M,yes,yes,yes,
800,10/1/1969,1969,,Of Bids and Snares,ribald classic,,,N/A,,,,
801,11/1/1969,1969,Graham Greene,Crook's Tour,fiction,Greene,Graham,M,,yes,,
802,11/1/1969,1969,Stephen Dixon,What Is All This?,fiction,Dixon,Stephen,M,yes,,yes,
803,11/1/1969,1969,Ursula K. LeGuin,Nine Lives,fiction,LeGuin,Ursula K.,F,,,yes,
804,11/1/1969,1969,,The Chinese Lesson,ribald classic,,,N/A,,,,
805,12/1/1969,1969,Eldridge Cleaver,The Flashlight,fiction,Cleaver,Eldridge,M,,,,
806,12/1/1969,1969,Graham Greene,Crook's Tour,fiction,Greene,Graham,M,,yes,,
807,12/1/1969,1969,Joseph Heller,"Love, Dad",fiction,Heller,Joseph,M,,yes,yes,
808,12/1/1969,1969,Robert Sheckley,Cordle to Onion to Carrot,fiction,Sheckley,Robert,M,,,,
809,12/1/1969,1969,,Epigrams from the Greek Anthology,ribald classic,,,N/A,,,,
810,1/1/1970,1970,Bruce Jay Friedman,The Mourner,fiction,Friedman,Bruce Jay,M,,yes,,
811,1/1/1970,1970,Graham Greene,Crook's Tour,fiction,Greene,Graham,M,,yes,,
812,1/1/1970,1970,Irwin Shaw,Thomas in Elysium,fiction,Shaw,Irwin,M,,yes,yes,
813,1/1/1970,1970,Tennessee Williams,A Recluse and His Guest,fiction,Williams,Tennessee,M,,yes,yes,
814,1/1/1970,1970,,The Girl and the Shark,ribald classic,,,N/A,,,,
815,2/1/1970,1970,Asa Baber,The Land of A Million Elephants,fiction,Baber,Asa,M,,,,
816,2/1/1970,1970,Ivan Prashker,The Boss's Son,fiction,Prashker,Ivan,M,,,,
817,2/1/1970,1970,Thomas Baum,The Rebirth of Yost,fiction,Baum,Thomas,M,,,,
818,2/1/1970,1970,,The Most Wicked Novel,ribald classic,,,N/A,,,,
819,3/1/1970,1970,Asa Baber,The Land of A Million Elephants,fiction,Baber,Asa,M,,,,
820,3/1/1970,1970,Asa Baber,The Same to You Doubled,fiction,Baber,Asa,M,,,,
821,3/1/1970,1970,Irwin Shaw,Rudolph In Moneyland,fiction,Shaw,Irwin,M,,yes,yes,
822,3/1/1970,1970,Ken Purdy,The Convert,fiction,Purdy,Ken,M,,,,
823,3/1/1970,1970,,How Rau-Mahora Wooed Her Husband,ribald classic,,,N/A,,,,
824,4/1/1970,1970,Asa Baber,The Land of A Million Elephants,fiction,Baber,Asa,M,,,,
825,4/1/1970,1970,John D. MacDonald,Dear Old Friend,fiction,MacDonald,John D.,M,,yes,,
826,4/1/1970,1970,Louis Auchincloss,Black Shylock,fiction,Auchincloss,Louis,M,,yes,,
827,4/1/1970,1970,Marguerite de Navarre,Checkmate,ribald classic,Navarre,Marguerite,F,,,,
828,4/1/1970,1970,Richard Matheson,By Appointment Only,fiction,Matheson,Richard,M,,,,
829,5/1/1970,1970,Herbert Gold,Zoya,fiction,Gold,Herbert,M,,yes,yes,
830,5/1/1970,1970,Isaac Bashevis Singer,The Blasphemer,fiction,Singer,Isaac Bashevis,M,yes,yes,yes,
831,5/1/1970,1970,Ken Kolb,Love Letter,fiction,Kolb,Ken,M,,,,
832,5/1/1970,1970,Reynold Price,"Good Dreams, Bad Dreams",fiction,Price,Reynold,M,yes,yes,yes,
833,5/1/1970,1970,,The Guitar Lesson,ribald classic,,,N/A,,,,
834,6/1/1970,1970,Louis Auchincloss,The Sacrifice,fiction,Auchincloss,Louis,M,,yes,,
835,6/1/1970,1970,Nelson Algren,Get All the Money,fiction,Algren,Nelson,M,yes,yes,yes,
836,6/1/1970,1970,Patrick McGivern,Number Eight,fiction,McGivern,Patrick,M,,,,
837,6/1/1970,1970,Richard Matheson,"Button, Button",fiction,Matheson,Richard,M,,,,
838,6/1/1970,1970,,A Night at the Inn,ribald classic,,,N/A,,,,
839,7/1/1970,1970,Asa Baber,Last Train to Limbo,fiction,Baber,Asa,M,,,,
840,7/1/1970,1970,Irwin Shaw,Rich Man's Weather,fiction,Shaw,Irwin,M,,yes,yes,
841,7/1/1970,1970,Thomas Baum,On Location,fiction,Baum,Thomas,M,,,,
842,7/1/1970,1970,,Not According To Hoyle,ribald classic,,,N/A,,,,
843,8/1/1970,1970,Henry Slesar,The Gourmet,fiction,Slesar,Henry,M,,,,
844,8/1/1970,1970,John D. MacDonald,Double Hannenframmis,fiction,MacDonald,John D.,M,,yes,,
845,8/1/1970,1970,Ken Purdy,The Sign,fiction,Purdy,Ken,M,,,,
846,8/1/1970,1970,Larry Niven,Leviathan!,fiction,Niven,Larry,M,,,,
847,8/1/1970,1970,Mary McCarthy,A Small Death in the Rue De Rennes,fiction,McCarthy,Mary,F,,yes,yes,
848,8/1/1970,1970,,On Parade,ribald classic,,,N/A,,,,
849,9/1/1970,1970,Paul Theroux,The Prison Diary of Jack Faust,fiction,Theroux,Paul,M,,yes,yes,
850,9/1/1970,1970,Robert L. Green,Payment Overdue,fiction,Green,Robert L.,M,,,,
851,9/1/1970,1970,Sean O'Faolain,Of Sanctity and Whiskey,fiction,O'Faolain,Sean,M,,,,
852,9/1/1970,1970,,How the Fourth Rule Was Invented,ribald classic,,,N/A,,,,
853,10/1/1970,1970,David Ely,The Language Game,fiction,Ely,David,M,,,,
854,10/1/1970,1970,Joyce Carol Oates,Saul Bird Says: Relate! Communicate!,fiction,Oates,Joyce Carol,F,yes,yes,yes,
855,10/1/1970,1970,Ray Russell,Xong of Xuxan,fiction,Russell,Ray,M,,,,
856,10/1/1970,1970,Stan Dryer,Muskrat Fun for Everyone,fiction,Dryer,Stan,M,,,,
857,10/1/1970,1970,,The Eight Horned Heads,ribald classic,,,N/A,,,,
858,11/1/1970,1970,Elliott Arnold,Night Crossing,fiction,Arnold,Elliott,M,,yes,,
859,11/1/1970,1970,Hal Bennett,Dotson Gerber Resurrected,fiction,Bennett,Hal,M,,,,
860,11/1/1970,1970,Roger Dionne,Accidents of a Country Road,fiction,Dionne,Roger,M,,,,
861,11/1/1970,1970,,The Prince's Curse,ribald classic,,,N/A,,,,
862,12/1/1970,1970,Dan Blocker,The Best-Kept Secret,fiction,Blocker,Dan,M,,,,
863,12/1/1970,1970,Michael Douglas,Dealing,fiction,Douglas,Michael,M,,,,
864,12/1/1970,1970,P.G. Wodehouse,Another Christmas Carol,fiction,Wodehouse,P.G.,M,,,,
865,12/1/1970,1970,Paul Theroux,Santa Claus in the Jungle,fiction,Theroux,Paul,M,,yes,yes,
866,12/1/1970,1970,Richard Brautigan,Little Memoirs,fiction,Brautigan,Richard,M,yes,,,
867,12/1/1970,1970,,Epigrams from the Greek Anthology,ribald classic,,,N/A,,,,
868,1/1/1971,1971,Alberto Moravia,"Spring, Summer, Autumn, Winter",fiction,Moravia,Alberto,M,,,,
869,1/1/1971,1971,Arthur C. Clarke,Transit of Earth,fiction,Clarke,Arthur C.,M,,yes,,
870,1/1/1971,1971,Evan Hunter,Terminal Misunderstanding,fiction,Hunter,Evan,M,,yes,,
871,1/1/1971,1971,Michael Douglas,Dealing,fiction,Douglas,Michael,M,,,,
872,1/1/1971,1971,The	Brother's	Grimm,The Little Peasant,ribald classic,,,N/A,,,,
873,2/1/1971,1971,Michael Douglas,Dealing,fiction,Douglas,Michael,M,,,,
874,2/1/1971,1971,Thomas Baum,The Big Pieces,fiction,Baum,Thomas,M,,,,
875,2/1/1971,1971,William Harrison,A Nice Enough Funeral,fiction,Harrison,William,M,yes,,,
876,2/1/1971,1971,,The Silent Verdict,ribald classic,,,N/A,,,,
877,3/1/1971,1971,Ellery Queen,The Three Students,fiction,Queen,Ellery,M,,,,
878,3/1/1971,1971,George Axelrod,Where Am I Now When I Need Me?,fiction,Axelrod,George,M,,,,
879,3/1/1971,1971,James Kahn,The Box,fiction,Kahn,James,M,,,,
880,3/1/1971,1971,,The Hole in the Bed,ribald classic,,,N/A,,,,
881,4/1/1971,1971,Paul Theroux,The Miss Malawi Contest,fiction,Theroux,Paul,M,,yes,yes,
882,4/1/1971,1971,Richard Matheson,Duel,fiction,Matheson,Richard,M,,,,
883,4/1/1971,1971,Warner Law,The Harry Hastings Method,fiction,Law,Warner,M,,,,
884,4/1/1971,1971,,Fair Judgment,ribald classic,,,N/A,,,,
885,5/1/1971,1971,Brad Williams,One Good Turn,fiction,Williams,Brad,M,,yes,,
886,5/1/1971,1971,Robert Bloch,Animal Fair,fiction,Bloch,Robert,M,,,,
887,5/1/1971,1971,T.K. Brown III,Haunts of the Very Rich,fiction,Brown,T.K.,M,,,,
888,5/1/1971,1971,V.S. Pritchett,The Trip,fiction,Pritchett,V.S.,M,,,,
889,5/1/1971,1971,,The Queen's Birthday,ribald classic,,,N/A,,,,
890,6/1/1971,1971,Don Carpenter,The Change,fiction,Carpenter,Don,M,,,,
891,6/1/1971,1971,Ellery Queen,The Odd Man,fiction,Queen,Ellery,M,,,,
892,6/1/1971,1971,William Hjortsberg,Gray Matters,fiction,Hjortsberg,William,M,yes,,,
893,6/1/1971,1971,,By Order of the Czar,ribald classic,,,N/A,,,,
894,7/1/1971,1971,Alexander Dumbarton,Ellen's Dreams,fiction,Dumbarton,Alexander,M,,,,
895,7/1/1971,1971,Earl L. Robertson,Sorry I Had to Leave You at the Nile,fiction,Robertson,Earl L.,N/A,,,,
896,7/1/1971,1971,Sean O'Faolain,Murder at Cobbler's Hulk,fiction,O'Faolain,Sean,M,,,,
897,7/1/1971,1971,,The Scandal Creation,ribald classic,,,N/A,,,,
898,8/1/1971,1971,Hal Bennett,Also Known as Cassius,fiction,Bennett,Hal,M,,,,
899,8/1/1971,1971,Pietro Aretino,For the Common Good,ribald classic,Aretino,Pietro,M,,,,
900,8/1/1971,1971,Ray Bradbury,My Perfect Murder,fiction,Bradbury,Ray,M,,yes,yes,
901,8/1/1971,1971,Robert Sheckley,Three Sinners in the Green Jade Moon,fiction,Sheckley,Robert,M,,,,
902,9/1/1971,1971,Irwin Shaw,Small Saturday,fiction,Shaw,Irwin,M,,yes,yes,
903,9/1/1971,1971,Michael Crichton,The Most Powerful Tailor in the World,fiction,Crichton,Michael,M,,yes,,
904,9/1/1971,1971,Richard Hooker,I'm Not Sure G*O*L*F Therapy,fiction,Hooker,Richard,M,,,,
905,9/1/1971,1971,,Finders Keeper,ribald classic,,,N/A,,,,
906,10/1/1971,1971,Evan Hunter,The Sardinian Incident,fiction,Hunter,Evan,M,,yes,,
907,10/1/1971,1971,Graham Petrie,The Test,fiction,Petrie,Graham,M,,,,
908,10/1/1971,1971,Thomas D'urfey,The Jolly Miller,ribald classic,D'urfey,Thomas,M,,,,
909,10/1/1971,1971,Warner Law,Payoff on Double Zero,fiction,Law,Warner,M,,,,
910,11/1/1971,1971,Curt Siodmak,The Thousand-Mile Grave,fiction,Siodmak,Curt,M,,,,
911,11/1/1971,1971,Doris Lessing,Report on the Threatened City,fiction,Lessing,Doris,F,,yes,,
912,11/1/1971,1971,Gabriel Garcia Marquez,The Handsomest Drowned Man in the World,fiction,Marquez,Gabriel Garcia,M,,yes,,
913,11/1/1971,1971,Paul Theroux,Dog Days,fiction,Theroux,Paul,M,,yes,yes,
914,11/1/1971,1971,,Night Shift,ribald classic,,,N/A,,,,
915,12/1/1971,1971,Arthur C. Clarke,A Meeting with Medusa,fiction,Clarke,Arthur C.,M,,yes,,
916,12/1/1971,1971,Calvin Trillin,Safely Deposited,fiction,Trillin,Calvin,M,,,,
917,12/1/1971,1971,Richard Hooker,S*E*X Comes to Thief Island,fiction,Hooker,Richard,M,,,,
918,12/1/1971,1971,Vladimir Nabokov,The Dashing Fellow,fiction,Nabokov,Vladimir,M,,yes,yes,
919,1/1/1972,1972,John Cheever,"Artemis, the Honest Well Digger",fiction,Cheever,John,M,,yes,yes,
920,1/1/1972,1972,Joyce Carol Oates,The Loves of Franklin Ambrose,fiction,Oates,Joyce Carol,F,yes,yes,yes,
921,1/1/1972,1972,Ray Bradbury,The Parrot Who Met Papa,fiction,Bradbury,Ray,M,,yes,yes,
922,1/1/1972,1972,Richard Hooker,Who Stuck the F*L*A*G In Reverend Titcomb,fiction,Hooker,Richard,M,,,,
923,1/1/1972,1972,,Letter from a Liberated Woman,ribald classic,,,N/A,,,,
924,2/1/1972,1972,Nelson Algren,The Last Carrousel,fiction,Algren,Nelson,M,yes,yes,yes,
925,2/1/1972,1972,R.A. Lafferty,Rangle Dang Kaloof,fiction,Lafferty,R.A.,M,,,,
926,2/1/1972,1972,Robert F. Young,Chicken Itza,fiction,Young,Robert F.,M,,,,
927,2/1/1972,1972,,The Lady in the Cowl,ribald classic,,,N/A,,,,
928,3/1/1972,1972,Anthony Grey,Himself,fiction,Grey,Anthony,M,,,,
929,3/1/1972,1972,Michael Crichton,The Terminal Man,fiction,Crichton,Michael,M,,yes,,
930,3/1/1972,1972,Warner Law,The Chef's Story,fiction,Law,Warner,M,,,,
931,3/1/1972,1972,,The Rise and Fall of a Member of the Faculty,ribald classic,,,N/A,,,,
932,4/1/1972,1972,Herbert Gold,One Way to Bolinas,fiction,Gold,Herbert,M,,yes,yes,
933,4/1/1972,1972,Lawrence Sanders,The Adventures of Chauncey Alcock,fiction,Sanders,Lawrence,M,,yes,,
934,4/1/1972,1972,Michael Crichton,The Terminal Man,fiction,Crichton,Michael,M,,yes,,
935,4/1/1972,1972,,The Clever Daughter,ribald classic,,,N/A,,,,
936,5/1/1972,1972,John Cheever,The Jewels of the Cabots,fiction,Cheever,John,M,,yes,yes,
937,5/1/1972,1972,Michael Crichton,The Terminal Man,fiction,Crichton,Michael,M,,yes,,
938,5/1/1972,1972,Poggio Bracciolini,Yours Sincerely,ribald classic,Bracciolini,Poggio,M,,,,
939,5/1/1972,1972,William Fifield,Riviera Idyl,fiction,Fifield,William,M,,,,
940,6/1/1972,1972,Giambattista Basile,The She-Bear,ribald classic,Basile,Giambattista,M,,,,
941,6/1/1972,1972,Phillip Norman,Blues Next Door,fiction,Norman,Phillip,M,,,,
942,6/1/1972,1972,Sean O'Faolain,"Falling Rocks, Narrowing Road, Cul-De-Sac, Stop",fiction,O'Faolain,Sean,M,,,,
943,6/1/1972,1972,Stan Dryer,A Gentleman's Game for Reasonable Stakes,fiction,Dryer,Stan,M,,,,
944,7/1/1972,1972,James Alan McPherson,The Silver Bullet,fiction,McPherson,James Alan,M,yes,,yes,yes
945,7/1/1972,1972,John Knowles,Rapture of the Deep,fiction,Knowles,John,M,,yes,yes,
946,7/1/1972,1972,Peter Lars Sandberg,The Old Bull Moose of the Woods,fiction,Sandberg,Peter Lars,M,,,,
947,7/1/1972,1972,,The Mender of Pots,ribald classic,,,N/A,,,,
948,8/1/1972,1972,Robert L. Fish,Hijack,fiction,Fish,Robert L.,M,,,,
949,8/1/1972,1972,Sloan Wilson,The Happiest Days,fiction,Wilson,Sloan,M,,yes,,
950,8/1/1972,1972,Thomas Baum,"Backward, Turn Backward",fiction,Baum,Thomas,M,,,,
951,8/1/1972,1972,,The Silent Wife,ribald classic,,,N/A,,,,
952,9/1/1972,1972,Dan Jenkins,Semi-Tough,fiction,Jenkins,Dan,M,,yes,,
953,9/1/1972,1972,Jonathan Swift,Directions to the Waiting Maid,fiction,Swift,Jonathan,M,,,,
954,9/1/1972,1972,Stefan Heym,The Wachsmuth Syndrome,fiction,Heym,Stefan,M,,yes,,
955,10/1/1972,1972,Alan Goldfein,Chameleon,fiction,Goldfein,Alan,M,,,,
956,10/1/1972,1972,Elliott Arnold,What Did I Do That Was Wrong?,fiction,Arnold,Elliott,M,,yes,,
957,10/1/1972,1972,Robert Crichton,"Gillon Cameron, Poacher",fiction,Crichton,Robert,M,,yes,,
958,10/1/1972,1972,,The Sport of Queens,ribald classic,,,N/A,,,,
959,11/1/1972,1972,Hal Bennett,Whatever Happened to Henry Oates,fiction,Bennett,Hal,M,,,,
960,11/1/1972,1972,Warner Law,The Terrible Events in Santa Barbara,fiction,Law,Warner,M,,,,
961,11/1/1972,1972,William Harrison,The Arsons of Desire,fiction,Harrison,William,M,yes,,,
962,11/1/1972,1972,,The Turkish Connection,ribald classic,,,N/A,,,,
963,12/1/1972,1972,Bernard Malamud,The Silver Crown,fiction,Malamud,Bernard,M,,yes,yes,
964,12/1/1972,1972,David Ely,The Gourmet Hunt,fiction,Ely,David,M,,,,
965,12/1/1972,1972,Lawrence Sanders,The Further Adventures of Chauncey Alcock,fiction,Sanders,Lawrence,M,,yes,,
966,12/1/1972,1972,Lorenzo De'Medici,Saving a Soul,ribald classic,De'Medici,Lorenzo,M,,,,
967,1/1/1973,1973,George V. Higgins,The Digger's Game,fiction,Higgins,George V.,M,,yes,,
968,1/1/1973,1973,John Cheever,"Triad: The Widow, The Passenger, The Belly",fiction,Cheever,John,M,,yes,yes,
969,1/1/1973,1973,Paul Theroux,Dessert at the Belvedere,fiction,Theroux,Paul,M,,yes,yes,
970,1/1/1973,1973,Sean O'Faolain,The Inside Outside Complex,fiction,O'Faolain,Sean,M,,,,
971,1/1/1973,1973,,The Tunbridge Doctors,ribald classic,,,N/A,,,,
972,2/1/1973,1973,George V. Higgins,The Digger's Game,fiction,Higgins,George V.,M,,yes,,
973,2/1/1973,1973,Jean de la Fontaine,The Magic Ring,ribald classic,Fontaine,Jean,M,,,,
974,2/1/1973,1973,Paul Theroux,"Jack, The Traveller's Friend",fiction,Theroux,Paul,M,,yes,yes,
975,3/1/1973,1973,George V. Higgins,The Digger's Game,fiction,Higgins,George V.,M,,yes,,
976,3/1/1973,1973,Matteo Bandello,Up the Chimney,ribald classic,Bandello,Matteo,M,,,,
977,3/1/1973,1973,Nadine Gordimer,The Conservationist,fiction,Gordimer,Nadine,F,,,,
978,3/1/1973,1973,Tennessee Williams,The Inventory at Fontana Bella,fiction,Williams,Tennessee,M,,yes,yes,
979,4/1/1973,1973,George Macdonald Fraser,Flashman at the Charge,fiction,Fraser,George Macdonald,M,,,,
980,4/1/1973,1973,Michael Rogers,Skin's Art,fiction,Rogers,Michael,M,,,,
981,4/1/1973,1973,Robert L. Fish,In the Bag,fiction,Fish,Robert L.,M,,,,
982,4/1/1973,1973,,Two Tales: Ripe Pears and a Legal Affair,ribald classic,,,N/A,,,,
983,5/1/1973,1973,Frederick Forsyth,No Comebacks,fiction,Forsyth,Frederick,M,,,,
984,5/1/1973,1973,George Macdonald Fraser,Flashman at the Charge,fiction,Fraser,George Macdonald,M,,,,
985,5/1/1973,1973,,Sound Advice,ribald classic,,,N/A,,,,
986,6/1/1973,1973,George Macdonald Fraser,Flashman at the Charge,fiction,Fraser,George Macdonald,M,,,,
987,6/1/1973,1973,Joyce Carol Oates,Do With Me What You Will,fiction,Oates,Joyce Carol,F,yes,yes,yes,
988,6/1/1973,1973,Robert McNear,Neighbors,fiction,McNear,Robert,M,,,,
989,6/1/1973,1973,,The Machaca Rebellion,ribald classic,,,N/A,,,,
990,7/1/1973,1973,Robert F. Young,The Time Machine,fiction,Young,Robert F.,M,,,,
991,7/1/1973,1973,Robert L. Fish,The Wager,fiction,Fish,Robert L.,M,,,,
992,7/1/1973,1973,Tom McHale,A Society of Friends,fiction,McHale,Tom,M,,,,
993,7/1/1973,1973,,A Cat O' Nine Tales,ribald classic,,,N/A,,,,
994,8/1/1973,1973,Hal Bennett,The Ghost of Martin Luther King,fiction,Bennett,Hal,M,,,,
995,8/1/1973,1973,Richard Lourie,Next Train to Warsaw?,fiction,Lourie,Richard,M,,,,
996,8/1/1973,1973,Tom Griffin,"Flies, Snakes, Fat Benny",fiction,Griffin,Tom,M,,,,
997,8/1/1973,1973,,Fleas in Bed,ribald classic,,,N/A,,,,
998,9/1/1973,1973,James Powell,The Bee on the Finger,fiction,Powell,James,M,,,,
999,9/1/1973,1973,Peter Lars Sandberg,Calloway's Climb,fiction,Sandberg,Peter Lars,M,,,,
1000,9/1/1973,1973,Walter S. Tevis,The King Is Dead,fiction,Tevis,Walter S.,M,,,,
1001,10/1/1973,1973,Anthony Austin,When the Americans Came,fiction,Austin,Anthony,M,,,,
1002,10/1/1973,1973,Gore Vidal,Burr,fiction,Vidal,Gore,M,,yes,,
1003,10/1/1973,1973,Robert Sheckley,Voices,fiction,Sheckley,Robert,M,,,,
1004,10/1/1973,1973,,Ladies' Aid,ribald classic,,,N/A,,,,
1005,11/1/1973,1973,Elliott Arnold,Jamaican Holiday,fiction,Arnold,Elliott,M,,yes,,
1006,11/1/1973,1973,Herbert Gold,San Fransisco Tavern,fiction,Gold,Herbert,M,,yes,yes,
1007,11/1/1973,1973,Robert Chatain,The Night Surgeon,fiction,Chatain,Robert,M,,,,
1008,11/1/1973,1973,,The Potter and the Widow,ribald classic,,,N/A,,,,
1009,12/1/1973,1973,Frederic Morton,The Golden Christmas Ducat,fiction,Morton,Frederic,M,,,,
1010,12/1/1973,1973,Gunter Grass,The Escalator,fiction,Grass,Gunter,M,,yes,,
1011,12/1/1973,1973,Roger Price,The True Story of the Invention of Women,fiction,Price,Roger,M,,,,
1012,12/1/1973,1973,Tennessee Williams,Miss Coynte of Greene,fiction,Williams,Tennessee,M,,yes,yes,
1013,12/1/1973,1973,V.S. Pritchett,Spree,fiction,Pritchett,V.S.,M,,,,
1014,12/1/1973,1973,,The Monk Who Wouldn't Lie Down,ribald classic,,,N/A,,,,
1015,1/1/1974,1974,John Updike,Nevada,fiction,Updike,John,M,,yes,yes,
1016,1/1/1974,1974,Saul Bellow,Humboldt's Gift,fiction,Bellow,Saul,M,,yes,yes,
1017,1/1/1974,1974,Sean O'Faolain,"During, Or the Faithless Wife",fiction,O'Faolain,Sean,M,,,,
1018,1/1/1974,1974,Vladimir Nabokov,A Nursery's Tale,fiction,Nabokov,Vladimir,M,,yes,yes,
1019,2/1/1974,1974,Henry Slesar,Nothing But Bad News,fiction,Slesar,Henry,M,,,,
1020,2/1/1974,1974,Susan Sontag,Baby,fiction,Sontag,Susan,F,,yes,yes,
1021,2/1/1974,1974,,The Fabulous Aesop,ribald classic,,,N/A,,,,
1022,3/1/1974,1974,Gerald Green,The Prettyman Plan,fiction,Green,Gerald,M,,yes,,
1023,3/1/1974,1974,Joyce Carol Oates,The Golden Madonna,fiction,Oates,Joyce Carol,F,yes,yes,yes,
1024,3/1/1974,1974,Thomas Baum,Lost and Found,fiction,Baum,Thomas,M,,,,
1025,3/1/1974,1974,,Foul Pitch,ribald classic,,,N/A,,,,
1026,4/1/1974,1974,Carlos Fuentes,The Old Morality,fiction,Fuentes,Carlos,M,,yes,,
1027,4/1/1974,1974,Donald Barthelme,The Reference,fiction,Barthelme,Donald,M,,,yes,
1028,4/1/1974,1974,Roald Dahl,The Great Switcheroo,fiction,Dahl,Roald,M,,yes,,
1029,4/1/1974,1974,,The Little Rag Mouth,ribald classic,,,N/A,,,,
1030,5/1/1974,1974,Bruce Jay Friedman,The Antelope Cage,fiction,Friedman,Bruce Jay,M,,yes,,
1031,5/1/1974,1974,Jerry Sohl,Mr. Moyachki,fiction,Sohl,Jerry,M,,,,
1032,5/1/1974,1974,Robert Chatain,Whores,fiction,Chatain,Robert,M,,,,
1033,5/1/1974,1974,,To Wrestle An Angel,ribald classic,,,N/A,,,,
1034,6/1/1974,1974,Alberto Moravia,Insults,fiction,Moravia,Alberto,M,,,,
1035,6/1/1974,1974,John D. MacDonald,The Taste of Gravy,fiction,MacDonald,John D.,M,,yes,,
1036,6/1/1974,1974,V.S. Pritchett,Did You Invite Me?,fiction,Pritchett,V.S.,M,,,,
1037,6/1/1974,1974,,The Wife and the Kappa,ribald classic,,,N/A,,,,
1038,7/1/1974,1974,Herbert Gold,Winter of '73,fiction,Gold,Herbert,M,,yes,yes,
1039,7/1/1974,1974,Roald Dahl,Bitch,fiction,Dahl,Roald,M,,yes,,
1040,7/1/1974,1974,Thomas Glynn,King Zamp,fiction,Glynn,Thomas,M,yes,,,
1041,7/1/1974,1974,,The Devil Rides Behind,ribald classic,,,N/A,,,,
1042,8/1/1974,1974,Chris Dickey,It Came to Pass,fiction,Dickey,Chris,M,,,,
1043,8/1/1974,1974,Sean O'Faolain,Venus or the Virgin?,fiction,O'Faolain,Sean,M,,,,
1044,8/1/1974,1974,Stan Dryer,The Conquest of Washington Monument,fiction,Dryer,Stan,M,,,,
1045,8/1/1974,1974,,The Tale of Two Ganders,ribald classic,,,N/A,,,,
1046,9/1/1974,1974,David Ely,A Place to Avoid,fiction,Ely,David,M,,,,
1047,9/1/1974,1974,Evan Hunter,Jazzing In A-Flat,fiction,Hunter,Evan,M,,yes,,
1048,9/1/1974,1974,John Collier,"Don't Call Me, I'll Call You",fiction,Collier,John,M,,,,
1049,9/1/1974,1974,Mark Twain,Some Thoughts on the Science of Onanism,ribald classic,Twain,Mark,M,,,,
1050,10/1/1974,1974,David Ely,A Light in the Cottage,fiction,Ely,David,M,,,,
1051,10/1/1974,1974,Stephen Minot,Three-Part Harmony,fiction,Minot,Stephen,M,yes,,,
1052,10/1/1974,1974,Warner Law,Just My Luck,fiction,Law,Warner,M,,,,
1053,10/1/1974,1974,,Three Women,ribald classic,,,N/A,,,,
1054,11/1/1974,1974,Nicholas Monsarrat,Sex and the Single Screw,fiction,Monsarrat,Nicholas,M,,yes,,
1055,11/1/1974,1974,Paul Reb,The Legend of Step-And-A-Half,fiction,Reb,Paul,M,,,,
1056,11/1/1974,1974,Ray Russell,The Charm,fiction,Russell,Ray,M,,,,
1057,11/1/1974,1974,,The Last Trump,ribald classic,,,N/A,,,,
1058,12/1/1974,1974,Alexander Pushkin,The Gabrilian,ribald classic,Pushkin,Alexander,M,,,,
1059,12/1/1974,1974,Evan Hunter,The Analyst,fiction,Hunter,Evan,M,,yes,,
1060,12/1/1974,1974,Isaac Bashevis Singer,A Tale of Two Sisters,fiction,Singer,Isaac Bashevis,M,yes,yes,yes,
1061,12/1/1974,1974,John Irving,Brennbar's Rant,fiction,Irving,John,M,yes,yes,yes,
1062,12/1/1974,1974,Tom Mayer,The Top of the World,fiction,Mayer,Tom,M,,,,
1063,1/1/1975,1975,Herbert Gold,Paternity,fiction,Gold,Herbert,M,,yes,yes,
1064,1/1/1975,1975,John Collier,Asking for It,fiction,Collier,John,M,,,,
1065,1/1/1975,1975,John Updike,A Month of Sundays,fiction,Updike,John,M,,yes,yes,
1066,1/1/1975,1975,Philip Cioffari,Captain Burger's American Dream,fiction,Cioffari,Phillip,M,,,,
1067,1/1/1975,1975,,The Peach-Colored Shoe,ribald classic,,,N/A,,,,
1068,2/1/1975,1975,Jordan Crittenden,The Man Under the Front Porch,fiction,Crittenden,Jordan,M,,,,
1069,2/1/1975,1975,Malcolm Braly,"Goodbye, Bob",fiction,Braly,Malcolm,M,,,,
1070,2/1/1975,1975,Pietro Aretino,The Best of Both Worlds,ribald classic,Aretino,Pietro,M,,,,
1071,2/1/1975,1975,Vladimir Nabokov,The Admiralty Spire,fiction,Nabokov,Vladimir,M,,yes,yes,
1072,3/1/1975,1975,Ben Maddow,Up out of Zoar,fiction,Maddow,Ben,M,yes,,,
1073,3/1/1975,1975,Jesse Hill Ford,The Jail,fiction,Ford,Jesse Hill,M,,,,
1074,3/1/1975,1975,Norman Spinrad,Holy War on 34th Street,fiction,Spinrad,Norman,M,,,,
1075,3/1/1975,1975,Pego Borewell,Essay on Woman,ribald classic,Borewell,Pego,M,,,,
1076,4/1/1975,1975,Herbert Gold,Lady Spain,fiction,Gold,Herbert,M,,yes,yes,
1077,4/1/1975,1975,Jordan Crittenden,Bockman,fiction,Crittenden,Jordan,M,,,,
1078,4/1/1975,1975,,No Fear of Flying,ribald classic,,,N/A,,,,
1079,5/1/1975,1975,John Updike,Australia and Canada,fiction,Updike,John,M,,yes,yes,
1080,5/1/1975,1975,Julius Horwitz,Going Home,fiction,Horwitz,Julius,M,,,,
1081,5/1/1975,1975,Oakley Hall,The Spoils of Buenavista,fiction,Hall,Oakley,M,yes,yes,,
1082,5/1/1975,1975,,At the Divorce Inn,ribald classic,,,N/A,,,,
1083,6/1/1975,1975,Jordan Crittenden,The Stain The May Have Been Guacamole,fiction,Crittenden,Jordan,M,,,,
1084,6/1/1975,1975,Masuccio	Salernitano,"The Long, Long Night",ribald classic,Salernitano,Masuccio,M,,,,
1085,6/1/1975,1975,Peter Lars Sandberg,Blue Dog Mobile on Angusport Hill,fiction,Sandberg,Peter Lars,M,,,,
1086,6/1/1975,1975,William Kuhns,Never Beat a Full House,fiction,Kuhns,William,M,,,,
1088,7/1/1975,1975,Gerald Green,Johnny Guts,fiction,Green,Gerald,M,,yes,,
1089,7/1/1975,1975,Larry McMurtry,Dunlup Crashes In,fiction,McMurtry,Larry,M,,yes,yes,
1087,7/1/1975,1975,Al Jahiz,Arab Short Stories,ribald classics,Jahiz,,M,,,,
1090,8/1/1975,1975,David Ely,Always Home,fiction,Ely,David,M,,,,
1091,8/1/1975,1975,John Updike,Bech Third-Worlds It,fiction,Updike,John,M,,yes,yes,
1092,8/1/1975,1975,Peter Lars Sandberg,B-Tower West Wall,fiction,Sandberg,Peter Lars,M,,,,
1093,8/1/1975,1975,,The Four Wishes of Saint Martin,ribald classic,,,N/A,,,,
1094,9/1/1975,1975,Avram Davidson,And Don't Forget The One Red Rose,fiction,Davidson,Avram,M,,,,
1095,9/1/1975,1975,George Macdonald Fraser,The Flashman in the Great Game,fiction,Fraser,George Macdonald,M,,,,
1096,9/1/1975,1975,,The Monk Who Moved A Capital,ribald classic,,,N/A,,,,
1097,10/1/1975,1975,Danny Santiago,A Message From Home,fiction,Santiago,Danny,M,,,yes,
1098,10/1/1975,1975,George Macdonald Fraser,The Flashman in the Great Game,fiction,Fraser,George Macdonald,M,,,,
1099,10/1/1975,1975,Pietro Aretino,Broken Waffles,ribald classic,Aretino,Pietro,M,,,,
1100,11/1/1975,1975,Cardinal Dubois,The Procurer,fiction,Dubois,Cardinal,M,,,,
1101,11/1/1975,1975,George Macdonald Fraser,The Flashman in the Great Game,fiction,Fraser,George Macdonald,M,,,,
1102,12/1/1975,1975,Evan Hunter,Skin Flick,fiction,Hunter,Evan,M,,yes,,
1103,12/1/1975,1975,Frederick Forsyth,The Shepherd,fiction,Forsyth,Frederick,M,,,,
1104,12/1/1975,1975,James Smith,The Loves of Hero and Leander,ribald classic,Smith,James,M,,,,
1105,12/1/1975,1975,Lee Falk,Time Is Money,fiction,Falk,Lee,M,,,,
1106,1/1/1976,1976,C.E. Poverman,Tooth,fiction,Poverman,C.E.,M,,,,
1107,1/1/1976,1976,John Cheever,Falconer,fiction,Cheever,John,M,,yes,yes,
1108,1/1/1976,1976,Vladimir Nabokov,The Doorbell,fiction,Nabokov,Vladimir,M,,yes,yes,
1109,1/1/1976,1976,,Dishonour Rewarded,ribald classic,,,N/A,,,,
1110,2/1/1976,1976,Melvin Van Peebles,The True American,fiction,Peebles,Melvin,M,,,,
1111,2/1/1976,1976,R.K. Narayan,God and the Cobbler,fiction,Narayan,R.K.,M,,,,
1112,2/1/1976,1976,,The Goldsmith and the Singing Girl,ribald classic,,,N/A,,,,
1113,3/1/1976,1976,Jordan Crittenden,The Golden Whatever,fiction,Crittenden,Jordan,M,,,,
1114,3/1/1976,1976,Paul Theroux,The Autumn Dog,fiction,Theroux,Paul,M,,yes,yes,
1115,3/1/1976,1976,,The Contract,ribald classic,,,N/A,,,,
1116,4/1/1976,1976,Nicholas Meyer,The West End Horror,fiction,Meyer,Nicholas,M,,yes,,
1117,4/1/1976,1976,,Love and a Lion,ribald classic,,,N/A,,,,
1118,5/1/1976,1976,Danny Santiago,Goldilocks and the Three Bears,fiction,Santiago,Danny,M,,,yes,
1119,5/1/1976,1976,Nicholas Meyer,The West End Horror,fiction,Meyer,Nicholas,M,,yes,,
1120,5/1/1976,1976,Pietro Aretino,The Hanged Man Watching,ribald classic,Aretino,Pietro,M,,,,
1121,6/1/1976,1976,John Irving,Jenny and the Ball-Turret Gunner,fiction,Irving,John,M,yes,yes,yes,
1122,6/1/1976,1976,,Pretty Kate of Windsor and Tenement to Let,ribald classic,,,N/A,,,,
1123,7/1/1976,1976,David Ely,Last One Out,fiction,Ely,David,M,,,,
1124,7/1/1976,1976,Harry Crews,A Feast of Snakes,fiction,Crews,Harry,M,yes,,yes,
1125,7/1/1976,1976,,Gawain and the Scarlett Lady,ribald classic,,,N/A,,,,
1126,8/1/1976,1976,William Harrison,The Makeup Man,fiction,Harrison,William,M,yes,,,
1127,9/1/1976,1976,Kurt Vonnegut,Slapstick or Lonesome No More,fiction,Vonnegut,Kurt,M,,yes,yes,
1128,9/1/1976,1976,,The Devil and the Peasant Wife,ribald classic,,,N/A,,,,
1129,10/1/1976,1976,Gael Greene,"Blue Skies, No Candy",fiction,Greene,Gael,F,,yes,,
1130,10/1/1976,1976,Russell H. Greenan,The Bric-a-Brac Man,fiction,Greenan,Russell H.,M,,,,
1131,10/1/1976,1976,,The Family Jewels,ribald classic,,,N/A,,,,
1132,11/1/1976,1976,Russell H. Greenan,The Bric-a-Brac Man,fiction,Greenan,Russell H.,M,,,,
1133,11/1/1976,1976,,Definitions,ribald classic,,,N/A,,,,
1134,12/1/1976,1976,Denis Diderot,The Indiscreet Jewels,ribald classic,Diderot,Denis,M,,,,
1135,12/1/1976,1976,Joyce Carol Oates,Gay,fiction,Oates,Joyce Carol,F,yes,yes,yes,
1136,12/1/1976,1976,Norman Mailer,Trials of the Warlock,fiction,Mailer,Norman,M,,yes,yes,
1137,12/1/1976,1976,Robert Sheckley,What Is Life?,fiction,Sheckley,Robert,M,,,,
1138,1/1/1977,1977,Erica Jong,The Rolls-Royce Love Affair,fiction,Jong,Erica,F,yes,yes,,
1139,1/1/1977,1977,Georg Wickram,The Pregnant Alderman,ribald classic,Wickram,Georg,M,,,,
1140,1/1/1977,1977,Isaac Bashevis Singer,Menel I Thought,fiction,Singer,Isaac Bashevis,M,yes,yes,yes,
1141,2/1/1977,1977,James Powell,The Trolls of God,fiction,Powell,James,M,,,,
1142,2/1/1977,1977,John Irving,Garp's Night Out,fiction,Irving,John,M,yes,yes,yes,
1143,3/1/1977,1977,Paul Theroux,Set of Two: Loser Wins and The Tennis Court,fiction,Theroux,Paul,M,,yes,yes,
1144,3/1/1977,1977,,The Flea Who Became A King,ribald classic,,,N/A,,,,
1145,4/1/1977,1977,Judith Johnson Sherwin,Voyages of a Mile-High Fille De Joie,fiction,Sherwin,Judith Johnson,F,,,,
1146,4/1/1977,1977,,Letters of Gallantry,ribald classic,,,N/A,,,,
1147,5/1/1977,1977,Jorge Luis Borges,The Other,fiction,Borges,Jorge Luis,M,,,,
1148,5/1/1977,1977,Nadine Gordimer,Oral History,fiction,Gordimer,Nadine,F,,,,
1149,5/1/1977,1977,Robert Sheckley,Silversmith Wishes,fiction,Sheckley,Robert,M,,,,
1150,6/1/1977,1977,Gerald Green,Bernstein In Mexico,fiction,Green,Gerald,M,,yes,,
1151,6/1/1977,1977,Robert F. Young,"So Long, Old Buddy",fiction,Young,Robert F.,M,,,,
1152,6/1/1977,1977,,Further Definitions,ribald classic,,,N/A,,,,
1153,7/1/1977,1977,Paul Theroux,Adulterer's Luck,fiction,Theroux,Paul,M,,yes,yes,
1154,7/1/1977,1977,Stroker Ace,Manhattan Pit Stop,fiction,Ace,Stroker,N/A,,,,
1155,8/1/1977,1977,John le Carré,The Honourable Schoolbboy,fiction,Carré,John,M,,yes,yes,
1156,8/1/1977,1977,Pietro Aretino,Pussy's In the Well,ribald classic,Aretino,Pietro,M,,,,
1157,9/1/1977,1977,Irwin Shaw,"Beggarman, Thief",fiction,Shaw,Irwin,M,,yes,yes,
1158,9/1/1977,1977,Loyd Little,A Moon in June,fiction,Little,Loyd,M,,,yes,
1159,9/1/1977,1977,,The Cunning Wife,ribald classic,,,N/A,,,,
1160,10/1/1977,1977,Giovanni Straparola,Riddles and Night Secrets,ribald classic,Straparola,Giovanni,M,,,,
1162,11/1/1977,1977,Poggio Bracciolini,Italian Tales,ribald classic,Bracciolini,Poggio,M,,,,
1161,11/1/1977,1977,Marvin Kalb; Ted Koppel,In the National Interest,fiction,,,N/A,,yes,,
1163,12/1/1977,1977,Bernard Malamud,Abhorrent Green Slippery City,fiction,Malamud,Bernard,M,,yes,yes,
1164,12/1/1977,1977,Philip Jose Farmer,The Henry Miller Dawn Patrol,fiction,Farmer,Philip Jose,M,,,,
1165,12/1/1977,1977,,Tomeu and His Daughters,ribald classic,,,N/A,,,,
1166,1/1/1978,1978,Erich Segal,Doctor Fastest,fiction,Segal,Erich,M,,yes,,
1167,1/1/1978,1978,Irwin Shaw,Full Many A Flower,fiction,Shaw,Irwin,M,,yes,yes,
1168,1/1/1978,1978,Mikhail Lermontov,The Czar's Cadets at Peterhof,ribald classic,Lermontov,Mikhail,M,,,,
1169,2/1/1978,1978,Graham Greene,The Human Factor,fiction,Greene,Graham,M,,yes,,
1170,2/1/1978,1978,Marquis de Sade,There's Room for Two,ribald classic,Sade,Marquis,M,,,,
1171,3/1/1978,1978,Gore Vidal,Kalki,fiction,Vidal,Gore,M,,yes,,
1172,3/1/1978,1978,,The Black Cat,ribald classic,,,N/A,,,,
1173,4/1/1978,1978,Gore Vidal,Kalki,fiction,Vidal,Gore,M,,yes,,
1174,5/1/1978,1978,John Updike,The Faint,fiction,Updike,John,M,,yes,yes,
1175,5/1/1978,1978,Kingsley Amis,The Darkwater Hall Mystery,fiction,Amis,Kingsley,M,,,,
1176,5/1/1978,1978,,The Boss's Wife,ribald classic,,,N/A,,,,
1177,6/1/1978,1978,Daniel Curley,Hokey Pokey,fiction,Curley,Daniel,M,,,,
1178,6/1/1978,1978,Isaac Bashevis Singer,A Party in Miami Beach,fiction,Singer,Isaac Bashevis,M,yes,yes,yes,
1179,6/1/1978,1978,,Under the Beard,ribald classic,,,N/A,,,,
1180,7/1/1978,1978,V.S. Pritchett,The Accompanist,fiction,Pritchett,V.S.,M,,,,
1181,7/1/1978,1978,"Walter Lowe, Jr.",Galahad,fiction,Lowe,Walter,M,,,,
1182,7/1/1978,1978,,The Magic Staff,ribald classic,,,N/A,,,,
1183,8/1/1978,1978,John Luckless,The Death Freak,fiction,Luckless,John,M,,,,
1184,8/1/1978,1978,,Ambassador at Large,ribald classic,,,N/A,,,,
1185,9/1/1978,1978,Arthur Rosch,Sex and the Triple Znar-Fichi,fiction,Rosch,Arthur,M,,,,
1186,9/1/1978,1978,Thomas Berger,Arthur Rex,fiction,Berger,Thomas,M,,,yes,
1187,9/1/1978,1978,,The Judgment,ribald classic,,,N/A,,,,
1188,10/1/1978,1978,William Hjortsberg,Falling Angel,fiction,Hjortsberg,William,M,yes,,,
1189,10/1/1978,1978,,A Tale of Silent Cunning,ribald classic,,,N/A,,,,
1190,11/1/1978,1978,Barbara Rochelle,Perfect Match,fiction,Rochelle,Barbara,F,,,,
1191,11/1/1978,1978,William Hjortsberg,Falling Angel,fiction,Hjortsberg,William,M,yes,,,
1192,11/1/1978,1978,,The Wife Who Came Back,ribald classic,,,N/A,,,,
1193,12/1/1978,1978,Gunter Grass,The Flounder,fiction,Grass,Gunter,M,,yes,,
1194,12/1/1978,1978,Trevanian,Switching,fiction,,Trevanian,M,,yes,,
1195,12/1/1978,1978,,The Case of the Missing Jewel,ribald classic,,,N/A,,,,
1196,1/1/1979,1979,Arthur C. Clarke,The Fountains of Paradise,fiction,Clarke,Arthur C.,M,,yes,,
1197,1/1/1979,1979,John Updike,Gesturing,fiction,Updike,John,M,,yes,yes,
1198,1/1/1979,1979,Tom Robbins,The Purpose of the Moon,fiction,Robbins,Tom,M,,,,
1199,2/1/1979,1979,Arthur C. Clarke,The Fountains of Paradise,fiction,Clarke,Arthur C.,M,,yes,,
1200,2/1/1979,1979,,A Warning to Virgins and Young Men About a Certain Vile Practice,ribald classic,,,N/A,,,,
1201,3/1/1979,1979,Harlan Ellison,All The Birds Come Home to Roost,fiction,Ellison,Harlan,M,,,,
1202,3/1/1979,1979,Joseph Heller,Good As Gold,fiction,Heller,Joseph,M,,yes,yes,
1203,3/1/1979,1979,,Una's Lock,ribald classic,,,N/A,,,,
1204,4/1/1979,1979,Joseph Heller,Good As Gold,fiction,Heller,Joseph,M,,yes,yes,
1205,5/1/1979,1979,Paul Theroux,White Lies,fiction,Theroux,Paul,M,,yes,yes,
1206,5/1/1979,1979,Philip Cioffari,Lady Chastity's Last Stand,fiction,Cioffari,Philip,M,,,,
1207,5/1/1979,1979,Tom Brown,A True Account of a Swearing Doctor's Marriage,fiction,Brown,Tom,M,,,,
1208,6/1/1979,1979,Elliott Arnold,A Bay Change,fiction,Arnold,Elliott,M,,yes,,
1209,6/1/1979,1979,,What Women Owe to Tortoise,ribald classic,,,N/A,,,,
1210,7/1/1979,1979,Joe Haldeman,Blood Sisters,fiction,Haldeman,Joe,M,,,,
1211,7/1/1979,1979,Philip Jose Farmer,The Leaser of Two Evils,fiction,Farmer,Philip Jose,M,,,,
1212,7/1/1979,1979,,The Baker of Yesilkoy,ribald classic,,,N/A,,,,
1213,8/1/1979,1979,Irwin Shaw,The Top of the Hill,fiction,Shaw,Irwin,M,,yes,yes,
1214,8/1/1979,1979,,Phyllis,ribald classic,,,N/A,,,,
1215,9/1/1979,1979,Irwin Shaw,The Top of the Hill,fiction,Shaw,Irwin,M,,yes,yes,
1216,9/1/1979,1979,,The Goldsmith's Wife,ribald classic,,,N/A,,,,
1217,10/1/1979,1979,Irwin Shaw,The Top of the Hill,fiction,Shaw,Irwin,M,,yes,yes,
1218,10/1/1979,1979,John Cleland,The Fierce Machine,fiction,Cleland,John,M,,,,
1219,10/1/1979,1979,Lynda Leidiger,Snake Head,fiction,Leidiger,Lynda,F,yes,,,yes
1220,11/1/1979,1979,Laurence Gonzales,Jambeaux,fiction,Gonzales,Laurence,M,,,,
1221,11/1/1979,1979,,London Music Hall,ribald classic,,,N/A,,,,
1222,12/1/1979,1979,Frederick Forsyth,Used in Evidence,fiction,Forsyth,Frederick,M,,,,
1223,12/1/1979,1979,John Updike,The Holy Land,fiction,Updike,John,M,,yes,yes,
1224,12/1/1979,1979,,The Philtre of the Shaman Of Sungtao,ribald classic,,,N/A,,,,
1225,1/1/1980,1980,John le Carré,Smiley's People,fiction,Carré,John,M,,yes,yes,
1226,1/1/1980,1980,Roald Dahl,My Uncle Oswald,fiction,Dahl,Roald,M,,yes,,
1227,1/1/1980,1980,Robert Coover,In Bed One Night,fiction,Coover,Robert,M,yes,yes,yes,
1228,1/1/1980,1980,,The Education of a Guardsman,ribald classic,,,N/A,,,,
1229,2/1/1980,1980,Antoine le Metel,The Poor Student,ribald classic,Metel,Antoine,M,,,,
1230,2/1/1980,1980,"William F. Buckley, Jr.",Who's On First,fiction,Buckley,William F.,M,,yes,,
1231,3/1/1980,1980,A.W. Landwehr,A Cup of Coffee With the Cardinals,fiction,Landwehr,A.W.,N/A,,,,
1232,3/1/1980,1980,,The Cockeyed Muse,ribald classic,,,N/A,,,,
1233,4/1/1980,1980,Jay Cronley,Screwballs,fiction,Cronley,Jay,M,,,,
1234,4/1/1980,1980,,Tales From the Old French,ribald classic,,,N/A,,,,
1235,5/1/1980,1980,Asa Baber,Papageno,fiction,Baber,Asa,M,,,,
1236,5/1/1980,1980,,Chloe's Candle,ribald classic,,,N/A,,,,
1237,6/1/1980,1980,Mordechai Richler,Seymour,fiction,Richler,Mordechai,M,,,,
1238,6/1/1980,1980,,The Land of Cocaine,ribald classic,,,N/A,,,,
1239,7/1/1980,1980,Walter S. Tevis,The Apotheosis of Myra,fiction,Tevis,Walter,M,,,,
1240,7/1/1980,1980,,All In the Family,ribald classic,,,N/A,,,,
1241,8/1/1980,1980,Erica Jong,"Fanny, Being the True History of the Adventures of Fanny Hackabout-Jones",fiction,Jong,Erica,F,yes,yes,,
1242,8/1/1980,1980,,The Hyde Park Frolic,ribald classic,,,N/A,,,,
1243,9/1/1980,1980,Tom Robbins,Still Life With Woodpecker,fiction,Robbins,Tom,M,,yes,,
1244,9/1/1980,1980,,Own Mulready's Dream,ribald classic,,,N/A,,,,
1245,10/1/1980,1980,E.L. Doctorow,Loon Lake,fiction,Doctorow,E.L.,M,,yes,yes,
1246,10/1/1980,1980,,The wonder-Working Hand,ribald classic,,,N/A,,,,
1247,11/1/1980,1980,Andy Stone,Rat Town Boogie,fiction,Stone,Andy,M,,,,
1248,11/1/1980,1980,,After The Ball Was Over,ribald classic,,,N/A,,,,
1249,12/1/1980,1980,Phillip K. Dick,Frozen Journey,fiction,Dick,Phillip K.,M,,,,
1250,12/1/1980,1980,Thomas Berger,Crime Squad,fiction,Berger,Thomas,M,,,yes,
1251,12/1/1980,1980,,Unexpurgated Sunday School,ribald classic,,,N/A,,,,
1252,1/1/1981,1981,David Platt,Heart Transplant,fiction,Platt,David,M,,,,
1253,1/1/1981,1981,Frank Herbert,God Emperor of Dune,fiction,Herbert,Frank,M,,,,
1254,1/1/1981,1981,,The Girl Who Gave Away Her Slipper,ribald classic,,,N/A,,,,
1255,2/1/1981,1981,Donald E. Westlake,Ask A Silly Question,fiction,Westlake,Donald E.,M,,,,
1256,2/1/1981,1981,,Strangers in the Night,ribald classic,,,N/A,,,,
1257,3/1/1981,1981,Asa Baber,The French Lesson,fiction,Baber,Asa,M,,,,
1258,3/1/1981,1981,,To Beat the Devil,ribald classic,,,N/A,,,,
1259,4/1/1981,1981,Agnolo Firenzulola,Double Cross,ribald classic,Firenzulola,Agnolo,M,,,,
1260,4/1/1981,1981,Philip Roth,Zuckerman Unbound,fiction,Roth,Philip,M,,yes,yes,
1261,5/1/1981,1981,Giovanni Straparola,The Tale of Madonna Modesta,ribald classic,Straparola,Giovanni,M,,,,
1262,5/1/1981,1981,William Hauptman,Good Rockin' Tonight,fiction,Hauptman,William,M,yes,,,
1263,6/1/1981,1981,Andre Dubus,Anna,fiction,Dubus,Andre,M,yes,,yes,
1265,6/1/1981,1981,Robert Cole,The New Tattoo,fiction,Cole,Robert,M,,,,
1264,6/1/1981,1981,Gardner	Dozois	and	Jack	Dann,A Change in the Weather,fiction,,,N/A,,,,
1266,6/1/1981,1981,,Some Bawdy Victorians,ribald classic,,,N/A,,,,
1267,7/1/1981,1981,Giovanni Straparola,"Prudence, The Carver's Wife",ribald classic,Straparola,Giovanni,M,,,,
1268,7/1/1981,1981,"Walter Lowe, Jr.",Ben Osczhio,fiction,Lowe,Walter,M,,,,
1269,8/1/1981,1981,Thomas Berger,Reinhart's Women,fiction,Berger,Thomas,M,,,yes,
1270,8/1/1981,1981,,English Sailor Songs,ribald classic,,,N/A,,,,
1271,9/1/1981,1981,John Updike,Rabbit is Rich,fiction,Updike,John,M,,yes,yes,
1272,9/1/1981,1981,,What Maketh A Man?,ribald classic,,,N/A,,,,
1273,10/1/1981,1981,Robert Stone,A Flag for Sunrise,fiction,Stone,Robert,M,yes,yes,yes,
1274,10/1/1981,1981,,Short Tales From the Renaissance,ribald classic,,,N/A,,,,
1275,11/1/1981,1981,Ed McBain,Heat,fiction,McBain,Ed,M,,yes,,
1276,11/1/1981,1981,,Who's Who,ribald classic,,,N/A,,,,
1277,12/1/1981,1981,Bruce Jay Friedman,The Adventurer,fiction,Friedman,Bruce Jay,M,,yes,,
1278,12/1/1981,1981,Joyce Carol Oates,The Sunken Woman,fiction,Oates,Joyce Carol,F,yes,yes,yes,
1279,12/1/1981,1981,,The Better Tail,ribald classic,,,N/A,,,,
1280,1/1/1982,1982,Crebillon Fils,The Tale of Sofa,ribald classic,Fils,Crebillon,M,,,,
1281,1/1/1982,1982,John Updike,Killing,fiction,Updike,John,M,,yes,yes,
1282,1/1/1982,1982,Thomas M. Disch,In Praise of Older Women,fiction,Disch,Thomas M.,M,,,,
1283,2/1/1982,1982,Robert Silverberg,Gianni,fiction,Silverberg,Robert,M,,,,
1284,2/1/1982,1982,,Lecherous Anonymous,ribald classic,,,N/A,,,,
1285,3/1/1982,1982,Jerzy Kosinski,Pinball,fiction,Kosinski,Jerzy,M,,yes,yes,
1286,3/1/1982,1982,,My Mistress,ribald classic,,,N/A,,,,
1287,4/1/1982,1982,Dan Greenburg,What Do Women Want?,fiction,Greenburg,Dan,M,,,,
1289,4/1/1982,1982,Jean de la Fontaine,The Optical Illusion,ribald classics,Fontaine,Jean,M,,,,
1288,4/1/1982,1982,Gardner Dozois; Jack Dann; Susan Casper,One for the Road,fiction,,,N/A,,,,
1290,5/1/1982,1982,Donald E. Westlake,Interstellar Pigeon,fiction,Westlake,Donald E.,M,,,,
1291,5/1/1982,1982,John Clayton,Poppa Superdude,fiction,Clayton,John,M,yes,,,
1292,5/1/1982,1982,Voltaire,One Good Eye,ribald classic,,Voltaire,M,,,,
1293,6/1/1982,1982,James McClure,"To The Letter, Harry",fiction,McClure,James,M,,,,
1294,6/1/1982,1982,Kevin Cook,Lee and Me at the Open,fiction,Cook,Kevin,M,,,,
1295,6/1/1982,1982,,Italian Wit,ribald classic,,,N/A,,,,
1296,7/1/1982,1982,Bob Shacochis,Lord Short Shoe Wants The Monkey,fiction,Shacochis,Bob,M,yes,,yes,
1297,7/1/1982,1982,,The Cozener and the Cousin,ribald classic,,,N/A,,,,
1298,8/1/1982,1982,Robert Silverberg,At The Conglomeroid Cocktail Party,fiction,Silverberg,Robert,M,,,,
1299,8/1/1982,1982,,The Gleam In Grandpa's Eye,ribald classic,,,N/A,,,,
1300,9/1/1982,1982,Arthur C. Clarke,2010: Odyssey Two,fiction,Clarke,Arthur C.,M,,yes,,
1301,9/1/1982,1982,Stanley Elkin,The Telethon,fiction,Elkin,Stanley,M,yes,,yes,
1302,9/1/1982,1982,,The Unanswerable Question,ribald classic,,,N/A,,,,
1303,10/1/1982,1982,Francois Camoin,Daphne's Tune,fiction,Camoin,Francois,M,yes,,,
1304,10/1/1982,1982,James Michener,Space,fiction,Michener,James,M,,yes,yes,
1305,10/1/1982,1982,,The Sword Polisher's Secret,ribald classic,,,N/A,,,,
1307,11/1/1982,1982,Masuccio	Salernitano,The Right to Bear Arms,ribald classic,Salernitano,Masuccio,M,,,,
1306,11/1/1982,1982,Mitch Sisskind,The Second Coming,fiction,Sisskind,Mitch,M,,,,
1308,11/1/1982,1982,Stanley Elkin,George Mills,fiction,Elkin,Stanley,M,yes,,yes,
1309,12/1/1982,1982,Arthur C. Clarke,2010: Odyssey Two,fiction,Clarke,Arthur C.,M,,yes,,
1310,12/1/1982,1982,Paul Theroux,Sex and Its Subsititutes,fiction,Theroux,Paul,M,,yes,yes,
1311,1/1/1983,1983,Isaac Bashevis Singer,Why Heisherik Was Born,fiction,Singer,Isaac Bashevis,M,yes,yes,yes,
1313,1/1/1983,1983,Tom Koch,The Word Processor,fiction,Koch,Tom,M,,,,
1312,1/1/1983,1983,,The Wise Children,ribald classic,,,,,,,
1315,2/1/1983,1983,Joseph Wambaugh,The Delta Star,fiction,Wambaugh,Joseph,M,,yes,,
1314,2/1/1983,1983,The Earl of Harrington,The Judgment of Dick,ribald classic,,,,,,,
1316,3/1/1983,1983,John le Carré,The Little Drummer Girl,fiction,Carré,John,M,,yes,yes,
1317,4/1/1983,1983,Norman Mailer,Ancient Evenings,fiction,Mailer,Norman,M,,yes,yes,
1319,5/1/1983,1983,Norman Mailer,Ancient Evenings,fiction,Mailer,Norman,M,,yes,yes,
1318,5/1/1983,1983,,How Men Became Mind Readers,ribald classic,,,,,,,
1320,6/1/1983,1983,Henri Mercat,The Two Mistresses,ribald classic,Mercat,Henri,M,,,,
1321,6/1/1983,1983,Robert Silverberg,Needle In a Timestack,fiction,Silverberg,Robert,M,,,,
1322,7/1/1983,1983,Amiri Baraka,Norman's Data,fiction,Baraka,Amiri,M,yes,,,
1323,7/1/1983,1983,Donald E. Westlake,Heaven Help Us,fiction,Westlake,Donald E.,M,,,,
1324,8/1/1983,1983,Bob Shacochis,Mundo's Sign,fiction,Shacochis,Bob,M,yes,,yes,
1325,8/1/1983,1983,Chet Williamson,The Personal Touch,fiction,Williamson,Chet,M,,,,
1326,9/1/1983,1983,James Howard Kunstler,No Trade,fiction,Kunstler,James Howard,M,,,,
1327,9/1/1983,1983,Jean de la Fontaine,Three French Spices,ribald classics,Fontaine,Jean,M,,,,
1328,10/1/1983,1983,Reg Potterson,Quantrill And The Goldfish,fiction,Potterson,Reg,M,,,,
1329,11/1/1983,1983,Ihara Saikaku,Yokosuka To The Rescue,ribald classics,Saikaku,Ihara,M,,,,
1330,11/1/1983,1983,John Morressy,"Glory, Glory",fiction,Morressy,John,M,,,,
1331,12/1/1983,1983,Donald E. Westlake,Don't You Know There's A War On?,fiction,Westlake,Donald E.,M,,,,
1332,12/1/1983,1983,George V. Higgins,Devlin's Wake,fiction,Higgins,George V.,M,,yes,,
1333,12/1/1983,1983,Isaac Bashevis Singer,Remnants,fiction,Singer,Isaac Bashevis,M,yes,yes,yes,
1334,12/1/1983,1983,,The Latest From London,ribald classic,,,N/A,,,,
1335,1/1/1984,1984,Anton Chekhov,A Guide for Prospective Husbands,fiction,Chekhov,Anton,M,,,,
1336,1/1/1984,1984,Gabriel Garcia Marquez,The Trail of Your Blood On The Snow,fiction,Marquez,Gabriel Garcia,M,,yes,,
1337,1/1/1984,1984,Ray Bradbury,The Toynbee Convector,fiction,Bradbury,Ray,M,,yes,yes,
1338,2/1/1984,1984,Andre Dubus,Forky,fiction,Dubus,Andre,M,yes,,yes,
1339,2/1/1984,1984,Asa Baber,The Dancing Bears,fiction,Baber,Asa,M,,,,
1340,3/1/1984,1984,Lenny Kleinfield,The 16th Summer of Daq Jaddarra,fiction,Kleinfield,Lenny,M,,yes,,
1341,4/1/1984,1984,"Walter Lowe, Jr.",The Devil and the Doodazzle Dakins,fiction,Lowe,Walter,M,,,,
1342,5/1/1984,1984,John Updike,The Witches of Eastwick,fiction,Updike,John,M,,yes,yes,
1343,6/1/1984,1984,Robert Silverberg,The Affair,fiction,Silverberg,Robert,M,,,,
1344,7/1/1984,1984,Donald E. Westlake,The World's A Stage,fiction,Westlake,Donald E.,M,,,,
1345,7/1/1984,1984,Ray Bradbury,By The Numbers,fiction,Bradbury,Ray,M,,yes,yes,
1346,8/1/1984,1984,Damon Knight,The Time Exchange,fiction,Knight,Damon,M,,,,
1347,8/1/1984,1984,Lawrence Block,By The Dawn's Early Light,fiction,Block,Lawrence,M,,yes,,
1348,9/1/1984,1984,John Gardner,Julius Caesar and the Werewolf,fiction,Gardner,John,M,yes,yes,yes,
1349,10/1/1984,1984,Donald E. Westlake,A Good Story,fiction,Westlake,Donald E.,M,,,,
1350,10/1/1984,1984,Gahan Wilson,A Gift of the Gods,fiction,Wilson,Gahan,M,,,,
1351,11/1/1984,1984,Dan Jenkins,Life Its Ownself,fiction,Jenkins,Dan,M,,yes,,
1352,11/1/1984,1984,,Parlous Parody,ribald classic,,,N/A,,,,
1353,12/1/1984,1984,Ed McBain,And All Through the House,fiction,McBain,Ed,M,,yes,,
1354,12/1/1984,1984,Mario Puzo,The Sicilian,fiction,Puzo,Mario,M,,yes,,
1355,12/1/1984,1984,Robert Silverberg,Tourist Trade,fiction,Silverberg,Robert,M,,,,
1356,1/1/1985,1985,Elmore Leonard,Glitz,fiction,Leonard,Elmore,M,,yes,,
1357,1/1/1985,1985,Ray Bradbury,"One For His Lordship, And One for the Road!",fiction,Bradbury,Ray,M,,yes,yes,
1358,1/1/1985,1985,Robert Coover,You Must Remember This,fiction,Coover,Robert,M,yes,yes,yes,
1359,2/1/1985,1985,Bob Shacochis,Easy in the Islands,fiction,Shacochis,Bob,M,yes,,yes,
1360,2/1/1985,1985,Frederik Pohl,The Saved,fiction,Pohl,Frederik,M,,,,
1361,2/1/1985,1985,,Yankee-Doodle Dandy,ribald classic,,,N/A,,,,
1362,3/1/1985,1985,George V. Higgins,Mother's Day,fiction,Higgins,George V.,M,,yes,,
1363,3/1/1985,1985,John D. MacDonald,The Lonely Silver Rain,fiction,MacDonald,John D.,M,,yes,,
1364,4/1/1985,1985,Sergio Ramirez,Even Charles Atlas Dies,fiction,Ramirez,Sergio,M,,,,
1365,4/1/1985,1985,,Brief Tales From Korea,ribald classic,,,N/A,,,,
1366,5/1/1985,1985,Jay Cronley,Scoring,fiction,Cronley,Jay,M,,,,
1367,5/1/1985,1985,Joe Haldeman,More Than the Sum of His Parts,fiction,Haldeman,Joe,M,,,,
1368,6/1/1985,1985,Robert Silverberg,Symbiot,fiction,Silverberg,Robert,M,,,,
1369,7/1/1985,1985,Donald E. Westlake,Breathe Deep,fiction,Westlake,Donald E.,M,,,,
1370,7/1/1985,1985,Howard Waldrop,Heirs of the Perisphere,fiction,Waldrop,Howard,M,,,,
1371,8/1/1985,1985,Gardner Dozois; Jack Dann; Susan Casper,The Clowns,fiction,,,N/A,,,,
1372,9/1/1985,1985,Damon Knight,Point of View,fiction,Knight,Damon,M,,,,
1373,9/1/1985,1985,Jerry Stahl,I'm Dick Felder!,fiction,Stahl,Jerry,M,,,,
1374,10/1/1985,1985,Robert Stone,Children of Light,fiction,Stone,Robert,M,yes,yes,yes,
1375,11/1/1985,1985,Peter Nelson,Getting the Message,fiction,Nelson,Peter,M,,,,
1376,11/1/1985,1985,Ray Russell,The Black Wench,fiction,Russell,Ray,M,,,,
1377,12/1/1985,1985,Donald E. Westlake,Hitch Your Spaceship to A Star,fiction,Westlake,Donald E.,M,,,,
1378,12/1/1985,1985,Lillian Ross,Tough,fiction,Ross,Lillian,F,,,,
1379,12/1/1985,1985,Paul Theroux,A Christmas Fantasy,fiction,Theroux,Paul,M,,yes,yes,
1380,1/1/1986,1986,Gabriel Garcia Marquez,Miss Forbes's Summer of Happiness,fiction,Marquez,Gabriel Garcia,M,,yes,,
1381,1/1/1986,1986,Ken Kesey,Killer,fiction,Kesey,Ken,M,,,,
1382,1/1/1986,1986,Robert Sheckley,The Universal Karmic Clearinghouse,fiction,Sheckley,Robert,M,,,,
1383,2/1/1986,1986,Julio Cortazar,Your Most Profound Skin,fiction,Cortazar,Julio,M,,,,
1384,2/1/1986,1986,Lucius Shepard,Fire Zone Emerald,fiction,Shepard,Lucius,M,,,,
1385,3/1/1986,1986,George V. Higgins,The Devil Is Real,fiction,Higgins,George V.,M,,yes,,
1386,3/1/1986,1986,Greg Donaldson,The Lockup Book,fiction,Donaldson,Greg,M,,,,
1387,4/1/1986,1986,Bharati Mukherjee,The Middle Man,fiction,Mukherjee,Bharati,F,yes,,,yes
1388,5/1/1986,1986,John Morressy,Laugh Clone Laugh,fiction,Morressy,John,M,,,,
1389,5/1/1986,1986,Tom McNeal,Midnight at the Oasis,fiction,McNeal,Tom,M,yes,,,
1390,6/1/1986,1986,Donald E. Westlake,Horse Laugh,fiction,Westlake,Donald E.,M,,,,
1391,7/1/1986,1986,Jerry Stahl,Finnegan's Waikiki,fiction,Stahl,Jerry,M,,,,
1392,8/1/1986,1986,Dan Thrapp,The Spanish Inquisition,fiction,Thrapp,Dan,M,yes,,,
1393,8/1/1986,1986,Warren Murphy,An Element of Surprise,fiction,Murphy,Warren,M,,,,
1394,9/1/1986,1986,Richard Condon,Prizzi's Family,fiction,Condon,Richard,M,,yes,,
1395,9/1/1986,1986,Stephen Randall,Hush Puppies,fiction,Randall,Stephen,M,,,,
1396,10/1/1986,1986,Philip Simmons,Night Vision,fiction,Simmons,Philip,M,,,,
1397,11/1/1986,1986,Francisco Goldman,The Professional Soldier,fiction,Goldman,Francisco,M,,,,
1398,12/1/1986,1986,Billy Crystal,Earth Station Charley,fiction,Crystal,Billy,M,,,,
1399,12/1/1986,1986,Elmore Leonard,Bandits,fiction,Leonard,Elmore,M,,yes,,
1400,12/1/1986,1986,Robert Silverberg,Partners,fiction,Silverberg,Robert,M,,,,
1401,1/1/1987,1987,Joyce Carol Oates,Questions,fiction,Oates,Joyce Carol,F,yes,yes,yes,
1402,1/1/1987,1987,Roald Dahl,The Bookseller,fiction,Dahl,Roald,M,,yes,,
1403,2/1/1987,1987,D. Keith Mano,The Last Route,fiction,Mano,D. Keith,M,,,,
1404,2/1/1987,1987,Robert Coover,Intermission,fiction,Coover,Robert,M,yes,yes,yes,
1405,3/1/1987,1987,Chet Williamson,Getting Enough,fiction,Williamson,Chet,M,,,,
1406,3/1/1987,1987,Hollis Wayne,Herpes and the Chaplain,fiction,Wayne,Hollis,M,,,,
1407,4/1/1987,1987,George V. Higgins,Intentional Pass,fiction,Higgins,George V.,M,,yes,,
1408,4/1/1987,1987,Michael Lubow,The Little Blue Pill,fiction,Lubow,Michael,M,,,,
1409,5/1/1987,1987,Larry McMurtry,Texasville,fiction,McMurtry,Larry,M,,yes,yes,
1410,6/1/1987,1987,Michael Bishop,The Egret,fiction,Bishop,Michael,M,,,,
1411,6/1/1987,1987,Robert Silverberg,The Pardoner's Tale,fiction,Silverberg,Robert,M,,,,
1412,7/1/1987,1987,Frederick Barthelme,Restraint,fiction,Barthelme,Frederick,M,yes,,,
1413,7/1/1987,1987,Harry Turtledove,The Weather's Fine,fiction,Turtledove,Harry,M,,yes,,
1414,8/1/1987,1987,Chet Williamson,Sen Yen Babbo & The Heavenly Host,fiction,Williamson,Chet,M,,,,
1415,9/1/1987,1987,Bret Easton Ellis,The Rules of Attraction,fiction,Ellis,Bret Easton,M,,yes,,
1416,10/1/1987,1987,Steven Ploetz,In Love With Rachel,fiction,Ploetz,Steven,M,,,,
1417,11/1/1987,1987,George Alec Effinger,"Glimmer, Glimmer",fiction,Effinger,George Alec,M,,,,
1418,12/1/1987,1987,Ed McBain,Tricks,fiction,McBain,Ed,M,,yes,,
1419,12/1/1987,1987,Joseph Heller,Yossarian Survives,fiction,Heller,Joseph,M,,yes,yes,
1420,12/1/1987,1987,Ray Bradbury,The Laurel and Hardy Love Affair,fiction,Bradbury,Ray,M,,yes,yes,
1421,1/1/1988,1988,Andre Dubus,The Curse,fiction,Dubus,Andre,M,yes,,yes,
1422,1/1/1988,1988,Jay Cantor,Krazy Kat,fiction,Cantor,Jay,M,,,yes,
1423,1/1/1988,1988,Roald Dahl,The Surgeon,fiction,Dahl,Roald,M,,yes,,
1424,2/1/1988,1988,Aaron Abbey,An Ancient Affair,fiction,Abbey,Aaron,N/A,,,,
1425,2/1/1988,1988,David Michael Kaplan,Waiting for the Night Flight,fiction,Kaplan,David Michael,M,,,,
1426,3/1/1988,1988,Scott Ely,Pit Bull,fiction,Ely,Scott,M,,,,
1427,3/1/1988,1988,T.C. Boyle,Modern Love,fiction,Boyle,T.C.,M,,,,
1428,4/1/1988,1988,Isaac Bashevis Singer,The Bitter Truth,fiction,Singer,Isaac Bashevis,M,yes,yes,yes,
1429,5/1/1988,1988,George Alec Effinger,"Slow, Slow Burn",fiction,Effinger,George Alec,M,,,,
1430,6/1/1988,1988,David Foster Wallace,Late Night,fiction,Wallace,David Foster,M,yes,yes,yes,
1431,7/1/1988,1988,Lawrence Sanders,"Run, Sally, Run",fiction,Sanders,Lawrence,M,,yes,,
1432,8/1/1988,1988,Harry Turtledove,The Girl Who Took Lessons,fiction,Turtledove,Harry,M,,yes,,
1433,8/1/1988,1988,Robert Silverberg,The Dead Man's Eyes,fiction,Silverberg,Robert,M,,,,
1434,9/1/1988,1988,Joseph Heller,Picture This,fiction,Heller,Joseph,M,,yes,yes,
1435,10/1/1988,1988,James Howard Kunstler,Hoogly Moogly,fiction,Kunstler,James Howard,M,,,,
1436,10/1/1988,1988,Valerie Vogrin,The Hotel-Motel Bar & Grill,fiction,Vogrin,Valerie,F,,,,
1437,11/1/1988,1988,Thomas Berger,Planet of the Losers,fiction,Berger,Thomas,M,,,yes,
1438,12/1/1988,1988,Herbert Gold,Room at the Inn,fiction,Gold,Herbert,M,,yes,yes,
1439,12/1/1988,1988,Norman Mailer,The Changing of the Guard,fiction,Mailer,Norman,M,,yes,yes,
1440,1/1/1989,1989,George Langelaan,The Fly,fiction,Langelaan,George,M,,,,
1441,1/1/1989,1989,Ian Fleming,The Hildebrand Rarity,fiction,Fleming,Ian,M,,yes,,
1442,1/1/1989,1989,Joyce Carol Oates,The Sunken Woman,fiction,Oates,Joyce Carol,F,yes,yes,yes,
1443,1/1/1989,1989,Ray Bradbury,A Sound of Thunder,fiction,Bradbury,Ray,M,,yes,yes,
1444,1/1/1989,1989,Robert Coover,You Must Remember This,fiction,Coover,Robert,M,yes,yes,yes,
1445,1/1/1989,1989,Robert Silverberg,Tourist Trade,fiction,Silverberg,Robert,M,,,,
1446,1/1/1989,1989,Vladimir Nabokov,Ada,fiction,Nabokov,Vladimir,M,,yes,yes,
1447,1/1/1989,1989,Walter S. Tevis,The Hustler,fiction,Tevis,Walter S.,M,,,,
1448,2/1/1989,1989,Asa Baber,Casanova's Ghost,fiction,Baber,Asa,M,,,,
1449,3/1/1989,1989,Bob Shacochis,Fancy's Grouper,fiction,Shacochis,Bob,M,yes,,yes,
1450,3/1/1989,1989,T.C. Boyle,King Bee,fiction,Boyle,T.C.,M,,,,
1451,4/1/1989,1989,Conall Ryan,House of Cards,fiction,Ryan,Conall,N/A,,,,
1452,5/1/1989,1989,Donald E. Westlake,Here's Looking At You,fiction,Westlake,Donald E.,M,,,,
1453,5/1/1989,1989,T.C. Boyle,The Human Fly,fiction,Boyle,T.C.,M,,,,
1454,6/1/1989,1989,Nadine Gordimer,A Journey,fiction,Gordimer,Nadine,F,,,,
1455,7/1/1989,1989,Robert Silverberg,A Sleep and A Forgetting,fiction,Silverberg,Robert,M,,,,
1456,8/1/1989,1989,Donald E. Westlake,Too Many Crooks,fiction,Westlake,Donald E.,M,,,,
1457,9/1/1989,1989,"Walter Lowe, Jr.",An Ounce of Luck,fiction,Lowe,Walter,M,,,,
1458,10/1/1989,1989,A.M. Wellman,The Madison Heights Syndrome,fiction,Wellman,A.M.,M,,,,
1459,10/1/1989,1989,Chet Williamson,Reece's Chair,fiction,Williamson,Chet,M,,,,
1460,11/1/1989,1989,Dan Thrapp,Dr. Spinther,fiction,Thrapp,Dan,M,yes,,,
1461,11/1/1989,1989,Stephen Coonts,The Minotaur,fiction,Coonts,Stephen,M,,yes,,
1462,12/1/1989,1989,Joyce Carol Oates,The Swimmers,fiction,Oates,Joyce Carol,F,yes,yes,yes,
1463,12/1/1989,1989,Mickey Spillane,The Killing Man,fiction,Spillane,Mickey,M,,yes,,
1464,12/1/1989,1989,Robert Coover,Lucky Pierre in the Doctor's Office,fiction,Coover,Robert,M,yes,yes,yes,
1465,1/1/1990,1990,Ernest Haycox,Deep in This Land,fiction,Haycox,Ernest,M,,,,
1466,1/1/1990,1990,Gustav Hasford,The Phantom Blooper,fiction,Hasford,Gustav,M,,,,
1467,2/1/1990,1990,Robert Silverberg,Hot Sky,fiction,Silverberg,Robert,M,,,,
1468,3/1/1990,1990,Dan Greenburg,Exes,fiction,Greenburg,Dan,M,,,,
1469,4/1/1990,1990,Lawrence Block,The Burglar Who Dropped In On Elvis,fiction,Block,Lawrence,M,,yes,,
1470,5/1/1990,1990,Donald E. Westlake,A Midsummer Daydream,fiction,Westlake,Donald E.,M,,,,
1471,6/1/1990,1990,Lawrence Block,Answers to Soldier,fiction,Block,Lawrence,M,,yes,,
1472,7/1/1990,1990,Lucius Shepard,The All-Consuming,fiction,Shepard,Lucius,M,,,,
1473,8/1/1990,1990,Harry Crews,Body,fiction,Crews,Harry,M,yes,,yes,
1474,9/1/1990,1990,John Updike,Rabbit At Rest,fiction,Updike,John,M,,yes,yes,
1475,10/1/1990,1990,Daniel Mueller,The Night My Brother Worked the Header,fiction,Mueller,Daniel,M,yes,,,yes
1476,10/1/1990,1990,Ron Carlson,Hartwell,fiction,Carlson,Ron,M,yes,,,
1477,11/1/1990,1990,T.C. Boyle,Carnal Knowledge,fiction,Boyle,T.C.,M,,,,
1478,12/1/1990,1990,Stanley Elkin,The Mac Guffin,fiction,Elkin,Stanley,M,yes,,yes,
1479,12/1/1990,1990,Thomas Berger,Gibberish,fiction,Berger,Thomas,M,,,yes,
1480,12/1/1990,1990,Ursula K. LeGuin,Unlocking The Air,fiction,LeGuin,Ursula K.,F,,,yes,
1481,1/1/1991,1991,Ed McBain,The Promise,fiction,McBain,Ed,M,,yes,,
1482,1/1/1991,1991,John Updike,Aperto E Chiuso,fiction,Updike,John,M,,yes,yes,
1483,1/1/1991,1991,Margaret Atwood,The Bog Man,fiction,Atwood,Margaret,F,,yes,yes,
1484,2/1/1991,1991,Kevin Cook,Zack and Jill,fiction,Cook,Kevin,M,,,,
1485,2/1/1991,1991,Mark Alpert,My Life With Joanne Christiansen,fiction,Alpert,Mark,M,,,,
1486,3/1/1991,1991,Robert Silverberg,The Clone Zone,fiction,Silverberg,Robert,M,,,,
1487,4/1/1991,1991,Stephen Randall,Uncle Andy Gee's Farewell Show,fiction,Randall,Stephen,M,,,,
1488,5/1/1991,1991,George Alec Effinger,Who Dat,fiction,Effinger,George Alec,M,,,,
1489,6/1/1991,1991,James Jones,The Face of War,fiction,Jones,James,M,,yes,yes,
1490,7/1/1991,1991,Lucius Shepard,Sports in America,fiction,Shepard,Lucius,M,,,,
1491,8/1/1991,1991,Craig Vetter,Boomtown,fiction,Vetter,Craig,M,,,,
1492,9/1/1991,1991,Malcolm Bosse,The Safari,fiction,Bosse,Malcolm,M,yes,yes,,
1493,10/1/1991,1991,Ellen Umansky,Crewcut,fiction,Umansky,Ellen,F,,,,
1494,10/1/1991,1991,Lawrence Block,A Blow for Freedom,fiction,Block,Lawrence,M,,yes,,
1495,11/1/1991,1991,Marshall Boswell,Bottoms Up,fiction,Boswell,Marshall,M,,,,
1496,12/1/1991,1991,Charles Johnson,Kwoon,fiction,Johnson,Charles,M,yes,yes,yes,
1497,12/1/1991,1991,Jane Smiley,Fahrvergnugen,fiction,Smiley,Jane,F,yes,yes,yes,
1498,12/1/1991,1991,Stephen Wolf,Women in Underwear,fiction,Wolf,Stephen,M,,,,
1499,1/1/1992,1992,Haruki Murakami,The Second Bakery Attack,fiction,Murakami,Haruki,M,,yes,,
1500,1/1/1992,1992,Robert Silverberg,It Comes and Goes,fiction,Silverberg,Robert,M,,,,
1501,2/1/1992,1992,Donald E. Westlake,Love in the Lean Years,fiction,Westlake,Donald E.,M,,,,
1502,3/1/1992,1992,Michael Beres,Vengeance From Space and The Texas Tomato,fiction,Beres,Michael,M,,,yes,
1503,3/1/1992,1992,Nicholson Baker,Vox,fiction,Baker,Nicholson,M,,yes,,
1504,4/1/1992,1992,William Kennedy,Very Old Bones,fiction,Kennedy,William,M,yes,yes,yes,
1505,5/1/1992,1992,Spalding Gray,Impossible Vacation,fiction,Gray,Spalding,M,yes,,,
1506,6/1/1992,1992,John Nichols,An Elegy for September,fiction,Nichols,John,M,,,,
1507,7/1/1992,1992,Gary Smith,The Slip,fiction,Smith,Gary,M,,,,
1508,7/1/1992,1992,Kevin Cook,Reston's Rat,fiction,Cook,Kevin,M,,,,
1509,8/1/1992,1992,Robert Silverberg,The Way to Spook City,fiction,Silverberg,Robert,M,,,,
1510,9/1/1992,1992,Lucius Shepard,Beast of the Heartland,fiction,Shepard,Lucius,M,,,,
1511,10/1/1992,1992,Anne Rice,The Tale of the Body Thief,fiction,Rice,Anne,F,,yes,,
1512,10/1/1992,1992,Daniel Lyons,The Greyhound,fiction,Lyons,Daniel,M,yes,,,
1513,11/1/1992,1992,John Varley,Good Intentions,fiction,Varley,John,M,,,,
1514,11/1/1992,1992,Pat Jordan,Bobby^2,fiction,Jordan,Pat,M,,,,
1515,12/1/1992,1992,Donald E. Westlake,Party Animal,fiction,Westlake,Donald E.,M,,,,
1516,12/1/1992,1992,Joyce Carol Oates,The Premonition,fiction,Oates,Joyce Carol,F,yes,yes,yes,
1517,12/1/1992,1992,Thomas Berger,Personal Power,fiction,Berger,Thomas,M,,,yes,
1518,1/1/1993,1993,Andre Dubus,The Colonel's Wife,fiction,Dubus,Andre,M,yes,,yes,
1519,1/1/1993,1993,Ethan Coen,Gates of Eden,fiction,Coen,Ethan,M,,,,
1520,1/1/1993,1993,John Updike,Bluebeard in Ireland,fiction,Updike,John,M,,yes,yes,
1521,2/1/1993,1993,Marshall Boswell,Hidden Agendas,fiction,Boswell,Marshall,M,,,,
1522,3/1/1993,1993,Joe Haldeman,Feedback,fiction,Haldeman,Joe,M,,,,
1523,4/1/1993,1993,Mark Winegardner,The Visiting Poet,fiction,Winegardner,Mark,M,,yes,,
1524,5/1/1993,1993,Lawrence Block,Keller's Therapy,fiction,Block,Lawrence,M,,yes,,
1525,6/1/1993,1993,Dan Simmons,Death in Bangkok,fiction,Simmons,Dan,M,,,,
1526,7/1/1993,1993,Terry Bisson,Necronauts,fiction,Bisson,Terry,M,,,,
1527,8/1/1993,1993,Gabriel Garcia Marquez,Sleeping Beauty and the Airplane,fiction,Marquez,Gabriel Garcia,M,,yes,,
1528,8/1/1993,1993,George Singleton,Outlaw Head & Tail,fiction,Singleton,George,M,,,,
1529,9/1/1993,1993,James Dickey,To the White Sea,fiction,Dickey,James,M,,yes,yes,
1530,10/1/1993,1993,Ronald N. Kelts,Equilibrium,fiction,Kelts,Ronald N.,M,,,,
1531,10/1/1993,1993,T.C. Boyle,56-0,fiction,Boyle,T.C.,M,,,,
1532,11/1/1993,1993,Jay McInerney,How it Ended,fiction,McInerney,Jay,M,,yes,,
1533,12/1/1993,1993,Bruce Jay Friedman,The Gent,fiction,Friedman,Bruce Jay,M,,yes,,
1534,12/1/1993,1993,Robert Silverberg,The Sri Lanka Position,fiction,Silverberg,Robert,M,,,,
1535,1/1/1994,1994,Ray Bradbury,Unterseeboot Doktor,fiction,Bradbury,Ray,M,,yes,yes,
1536,1/1/1994,1994,Stanley Elkin,Golf-Ball-Size Hail,fiction,Elkin,Stanley,M,yes,,yes,
1537,2/1/1994,1994,David Marusek,"She Was Good, She was Funny",fiction,Marusek,David,M,,,,
1538,3/1/1994,1994,Ray Dean Mize,The Courting of Molly Swenson,fiction,Mize,Ray Dean,M,,,,
1539,4/1/1994,1994,T.C. Boyle,Respect,fiction,Boyle,T.C.,M,,,,
1540,5/1/1994,1994,Lawrence Block,"Dogs Walked, Plants Watered",fiction,Block,Lawrence,M,,yes,,
1541,6/1/1994,1994,T.C. Boyle,Beat,fiction,Boyle,T.C.,M,,,,
1542,7/1/1994,1994,Asa Baber,A Day at the Races,fiction,Baber,Asa,M,,,,
1543,7/1/1994,1994,Ralph Cissne,Prudence in Hollywood,fiction,Cissne,Ralph,M,,,,
1544,8/1/1994,1994,Terry Bisson,The Joe Show,fiction,Bisson,Terry,M,,,,
1545,9/1/1994,1994,David Mamet,The Village,fiction,Mamet,David,M,,,yes,
1546,9/2/1994,1994,Joyce Carol Oates,What I Lived For,fiction,Oates,Joyce Carol,F,yes,yes,yes,
1547,10/1/1994,1994,Brady Udall,Buckeye The Elder,fiction,Udall,Brady,M,yes,,,
1548,11/1/1994,1994,Joseph Heller,Closing Time,fiction,Heller,Joseph,M,,yes,yes,
1549,12/1/1994,1994,William Tenn,The Ghost Standard,fiction,Tenn,William,M,,,,
1550,12/2/1994,1994,Thom Jones,Dynamite Hands,fiction,Jones,Thom,M,,,yes,
1551,1/1/1995,1995,Bruce Jay Friedman,The Icing on the Cake,fiction,Friedman,Bruce Jay,M,,yes,,
1552,1/1/1995,1995,Robert James Waller,Border Music,fiction,Waller,Robert James,M,,yes,,
1553,2/1/1995,1995,Lawrence Block,Keller's Karma,fiction,Block,Lawrence,M,,yes,,
1554,3/1/1995,1995,Iva Hercikova,Hester's Dream,fiction,Hercikova,Iva,F,,,,
1555,4/1/1995,1995,Richard Chiappone,Dealer's Choice,fiction,Chiappone,Richard,M,,,,
1556,4/1/1995,1995,Thom Jones,Pinpocket,fiction,Jones,Thom,M,,,yes,
1557,5/1/1995,1995,Thom Jones,Quicksand,fiction,Jones,Thom,M,,,yes,
1558,6/1/1995,1995,Donald E. Westlake,Skeeks,fiction,Westlake,Donald E.,M,,,,
1559,7/1/1995,1995,Lenny Kleinfield,Road Test,fiction,Kleinfield,Lenny,M,,yes,,
1560,8/1/1995,1995,Vladimir Nabokov,La Veneziana,fiction,Nabokov,Vladimir,M,,yes,yes,
1561,9/1/1995,1995,Joseph Monninger,"First Night, Blind Date, All That",fiction,Monninger,Joseph,M,yes,,,
1562,10/1/1995,1995,Ryan Harty,What Can I Tell You About My Brother,fiction,Harty,Ryan,M,,,,
1563,10/1/1995,1995,Vladimir Nabokov,Razor,fiction,Nabokov,Vladimir,M,,yes,yes,
1564,11/1/1995,1995,Lawrence Block,Keller in Shining Armor,fiction,Block,Lawrence,M,,yes,,
1565,12/1/1995,1995,Ray Bradbury,The Witch Door,fiction,Bradbury,Ray,M,,yes,yes,
1566,12/1/1995,1995,Richard Bausch,Fatality,fiction,Bausch,Richard,M,yes,yes,yes,
1567,12/1/1995,1995,Robert Silverberg,The Second Shield,fiction,Silverberg,Robert,M,,,,
1568,1/1/1996,1996,Anaïs Nin,Alice,fiction,Nin,Anaïs,F,,yes,,
1569,1/1/1996,1996,Harold Robbins,The Stallion,fiction,Robbins,Harold,M,,yes,,
1570,2/1/1996,1996,Mario Vargas Llosa,Death in the Andes,fiction,Llosa,Mario Vargas,M,,yes,,
1571,3/1/1996,1996,Paul Griner,Boxes,fiction,Griner,Paul,M,,,,
1572,4/1/1996,1996,Terry Bisson,In the Upper Room,fiction,Bisson,Terry,M,,,,
1573,5/1/1996,1996,T.C. Boyle,Termination Dust,fiction,Boyle,T.C.,M,,,,
1574,6/1/1996,1996,Asa Baber,Deathball,fiction,Baber,Asa,M,,,,
1575,7/1/1996,1996,Pat Jordan,The Mark,fiction,Jordan,Pat,M,,,,
1576,8/1/1996,1996,Joyce Carol Oates,Physical,fiction,Oates,Joyce Carol,F,yes,yes,yes,
1577,9/1/1996,1996,Lucius Shepard,Pizza Man,fiction,Shepard,Lucius,M,,,,
1578,10/1/1996,1996,Bob McKay,"Beat Me, Daddy, Five to the Bar",fiction,McKay,Bob,M,,,,
1579,10/1/1996,1996,Michael Knight,Gerald's Monkey,fiction,Knight,Michael,M,,,,
1580,11/1/1996,1996,Brendan Dubois,The Dark Show,fiction,Dubois,Brendan,M,,,,
1581,11/1/1996,1996,Scott Turow,The Laws of Our Fathers,fiction,Turow,Scott,M,,yes,,
1582,12/1/1996,1996,Donald E. Westlake,The Burglar and the Whatsit,fiction,Westlake,Donald E.,M,,,,
1583,12/1/1996,1996,Mickey Spillane,Black Alley,fiction,Spillane,Mickey,M,,yes,,
1584,1/1/1997,1997,Harold Robbins,The Port of St. Tropez,fiction,Robbins,Harold,M,,yes,,
1585,1/1/1997,1997,Jay McInerney,Con Doctor,fiction,McInerney,Jay,M,,yes,,
1586,1/1/1997,1997,Raymond Benson,Blast From the Past,fiction,Benson,Raymond,M,,,,
1587,2/1/1997,1997,Terry Bisson,An Office Romance,fiction,Bisson,Terry,M,,,,
1588,3/1/1997,1997,Arthur C. Clarke,3001: The Final Odyssey,fiction,Clarke,Arthur C.,M,,yes,,
1589,4/1/1997,1997,Raymond Benson,Zero Minus Ten,fiction,Benson,Raymond,M,,,,
1590,5/1/1997,1997,Raymond Benson,Zero Minus Ten,fiction,Benson,Raymond,M,,,,
1591,6/1/1997,1997,Michael Chabon,In The Black Mill,fiction,Chabon,Michael,M,,yes,yes,
1592,7/1/1997,1997,George Singleton,I could've Told You If You Hdn't Asked,fiction,Singleton,George,M,,,,
1593,8/1/1997,1997,Pat Jordan,Beyond Dog,fiction,Jordan,Pat,M,,,,
1594,9/1/1997,1997,Joseph Clark,Jungle Wedding,fiction,Clark,Joseph,M,,,,
1595,10/1/1997,1997,Jonathan Blum,The Kind of Luxuries We Felt We Deserved,fiction,Blum,Jonathan,M,,,,
1596,11/1/1997,1997,Lawrence Block,Keller on the Spot,fiction,Block,Lawrence,M,,yes,,
1597,12/1/1997,1997,Kurt Vonnegut,Timequake,fiction,Vonnegut,Kurt,M,,yes,yes,
1598,12/1/1997,1997,Thom Jones,A Midnight Clear,fiction,Jones,Thom,M,,,yes,
1599,1/1/1998,1998,Arthur C. Clarke,The Wire Continuum,fiction,Clarke,Arthur C.,M,,yes,,
1600,1/1/1998,1998,Bruce Jay Friedman,Three Balconies,fiction,Friedman,Bruce Jay,M,,yes,,
1601,1/1/1998,1998,Tom Paine,The Battle of Khafji,fiction,Paine,Tom,M,,,,
1602,2/1/1998,1998,Paul Brodeur,Down in the Bahamas,fiction,Brodeur,Paul,M,,,,
1603,3/1/1998,1998,Lawrence Block,Keller's Last Refuge,fiction,Block,Lawrence,M,,yes,,
1604,4/1/1998,1998,Gary Krist,An Innocent Bystander,fiction,Krist,Gary,M,yes,,,
1605,5/1/1998,1998,Brendan Dubois,Netmail,fiction,Dubois,Brendan,M,,,,
1606,6/1/1998,1998,Mario Vargas Llosa,The Notebooks of Don Rigoberto,fiction,Llosa,Mario Vargas,M,,yes,,
1607,7/1/1998,1998,Raymond Benson,The Facts of Death,fiction,Benson,Raymond,M,,,,
1608,8/1/1998,1998,Pat Jordan,Frenchie,fiction,Jordan,Pat,M,,,,
1609,9/1/1998,1998,Edward Falco,Burning Man,fiction,Falco,Edward,M,yes,,,
1610,10/1/1998,1998,Robert Coover,Great Train Robbery,fiction,Coover,Robert,M,yes,yes,yes,
1611,11/1/1998,1998,Karl Iagnemma,A Little Advance,fiction,Iagnemma,Karl,M,yes,,,
1612,12/1/1998,1998,Ethan Coen,It Is an Ancient Mariner,fiction,Coen,Ethan,M,,,,
1613,12/1/1998,1998,Joyce Carol Oates,The Last Man of Letters,fiction,Oates,Joyce Carol,F,yes,yes,yes,
1614,1/1/1999,1999,Bruce Jay Friedman,An Affair,fiction,Friedman,Bruce Jay,M,,yes,,
1615,2/1/1999,1999,Jonathan Carroll,The Great Walt of China,fiction,Carroll,Jonathan,M,,,,
1616,3/1/1999,1999,Thomas Berger,The Return of Little Big Man,fiction,Berger,Thomas,M,,,yes,
1617,4/1/1999,1999,William Kotzwinkle,The Fan Man Returns,fiction,Kotzwinkle,William,M,yes,yes,,
1618,5/1/1999,1999,Brendan Dubois,The Shadow Trees,fiction,Dubois,Brendan,M,,,,
1620,7/1/1999,1999,Edward Falco,The Instruments of Peace,fiction,Falco,Edward,M,yes,,,
1621,7/1/1999,1999,Hollis Wayne,Light Weights,fiction,Wayne,Hollis,M,,,,
1622,8/1/1999,1999,Joyce Carol Oates,Summer Swear,fiction,Oates,Joyce Carol,F,yes,yes,yes,
1623,9/1/1999,1999,T.C. Boyle,After The Plague,fiction,Boyle,T.C.,M,,,,
1624,10/1/1999,1999,Edward Lazellari,The Date,fiction,Lazellari,Edward,M,,,,
1626,11/1/1999,1999,Scott Turow,Personal Injuries,fiction,Turow,Scott,M,,yes,,
1625,11/1/1999,1999,Brian Herbert; Kevin J. Anderson,Dune: House Atreides,fiction,,,N/A,,yes,,
1627,12/1/1999,1999,Thom Jones,A Merry Little Christmas,fiction,Jones,Thom,M,,,yes,
1628,1/1/2000,2000,David Mamet,One or Two Steps Behind,fiction,Mamet,David,M,,,yes,
1629,1/1/2000,2000,Larry Niven,Smut Talk,fiction,Niven,Larry,M,,,,
1630,1/1/2000,2000,Robert Silverberg,The Millennium Express,fiction,Silverberg,Robert,M,,,,
1631,2/1/2000,2000,Terry Bisson,Lucy,fiction,Bisson,Terry,M,,,,
1632,3/1/2000,2000,Tom Paine,Monkey Forest Road,fiction,Paine,Tom,M,,,,
1633,5/1/2000,2000,Brendan Dubois,Old Soldiers,fiction,Dubois,Brendan,M,,,,
1634,6/1/2000,2000,Chuck Palahniuk,Enabler,fiction,Palahniuk,Chuck,M,,yes,,
1635,6/1/2000,2000,Raymond Benson,Doubleshot,fiction,Benson,Raymond,M,,,,
1636,7/1/2000,2000,Mario Puzo,Omerta,fiction,Puzo,Mario,M,,yes,,
1637,8/1/2000,2000,Donald E. Westlake,Art and Craft,fiction,Westlake,Donald E.,M,,,,
1638,9/1/2000,2000,T.C. Boyle,The Black and White Sisters,fiction,Boyle,T.C.,M,,,,
1639,10/1/2000,2000,Yael Schonfeld,The Collection Treatment,fiction,Schonfeld,Yael,N/A,,,,
1640,11/1/2000,2000,Paul Beckman,Two Ships,fiction,Beckman,Paul,M,,,,
1641,11/1/2000,2000,Ray Bradbury,Overkill,fiction,Bradbury,Ray,M,,yes,yes,
1642,12/1/2000,2000,Jonathan Reynolds,The Scrotum Monologues,fiction,Reynolds,Jonathan,M,,,,
1643,12/1/2000,2000,Paul Theroux,The Sexual Life of Savages,fiction,Theroux,Paul,M,,yes,yes,
1644,1/1/2001,2001,Chuck Palahniuk,Cruising Altitude,fiction,Palahniuk,Chuck,M,,yes,,
1645,1/1/2001,2001,Joyce Carol Oates,The High School Sweetheart,fiction,Oates,Joyce Carol,F,yes,yes,yes,
1646,2/1/2001,2001,Richard Bausch,1-900,fiction,Bausch,Richard,M,yes,yes,yes,
1647,3/1/2001,2001,Lucius Shepard,The Sparring Partner,fiction,Shepard,Lucius,M,,,,
1648,4/1/2001,2001,Steve Almond,My Life In Heavy Metal,fiction,Almond,Steve,M,yes,,,
1649,5/1/2001,2001,Donald E. Westlake,Spectacles,fiction,Westlake,Donald E.,M,,,,
1650,6/1/2001,2001,Stephen Randall,The Other Side of Mulholland,fiction,Randall,Stephen,M,,,,
1651,7/1/2001,2001,Brian Aldiss,Supertoys,fiction,Aldiss,Brian,M,,,,
1652,8/1/2001,2001,John Biguenet,Motel,fiction,Biguenet,John,M,,,,
1653,9/1/2001,2001,Asa Baber,Puzzle Man,fiction,Baber,Asa,M,,,,
1654,10/1/2001,2001,Matt McIntosh,Fishboy,fiction,McIntosh,Matt,M,,,,
1655,11/1/2001,2001,Alicia Erian,The Letterman,fiction,Erian,Alicia,F,,,,
1656,12/1/2001,2001,Andrew Vachss,Blood Test,fiction,Vachss,Andrew,M,,,,
1657,12/1/2001,2001,Steve Almond,How to Love a Republican,fiction,Almond,Steve,M,yes,,,
1658,1/1/2002,2002,Joyce Carol Oates,Aiding and Abetting,fiction,Oates,Joyce Carol,F,yes,yes,yes,
1659,1/1/2002,2002,Robert Coover,The Invisible Man,fiction,Coover,Robert,M,yes,yes,yes,
1660,2/1/2002,2002,Jim Shepard,Reflections from the Black Lagoon,fiction,Shepard,Jim,M,,,,
1661,3/1/2002,2002,Gary S. Kadet,The Polyamorist,fiction,Kadet,Gary S.,M,,,,
1662,4/1/2002,2002,Walter Mosley,Pinky,fiction,Mosley,Walter,M,,yes,,
1663,5/1/2002,2002,Lawrence Block,Almost Perfect,fiction,Block,Lawrence,M,,yes,,
1664,6/1/2002,2002,Ethan Hauser,The Possibility of Love,fiction,Hauser,Ethan,M,,,,
1665,7/1/2002,2002,Steve Almond,Sauce,fiction,Almond,Steve,M,yes,,,
1666,8/1/2002,2002,John Weisman,A Day in the Country,fiction,Weisman,John,M,,,,
1667,9/1/2002,2002,Ron Carlson,The Personals,fiction,Carlson,Ron,M,yes,,,
1668,10/1/2002,2002,Morgan Akins,Que-Linda Takes the Rite Aid,fiction,Akins,Morgan,N/A,,,,
1669,11/1/2002,2002,Steve Amick,Swallowing,fiction,Amick,Steve,M,,,,
1670,12/1/2002,2002,Scott Turow,The Detective,fiction,Turow,Scott,M,,yes,,
1671,1/1/2003,2003,Michael Connelly,Christmas Even,fiction,Connelly,Michael,M,,yes,,
1672,2/1/2003,2003,Jim Shepard,Won't Get Fooled Again,fiction,Shepard,Jim,M,,,,
1673,3/1/2003,2003,Sarah Arellano,Guy,fiction,Arellano,Sarah,F,,,,
1674,4/1/2003,2003,Ethan Hauser,"Kid, Rock",fiction,Hauser,Ethan,M,,,,
1675,5/1/2003,2003,Steve Almond,Appropriate Sex,fiction,Almond,Steve,M,yes,,,
1676,7/1/2003,2003,Steve Amick,Joint Custody,fiction,Amick,Steve,M,,,,
1677,8/1/2003,2003,T.C. Boyle,Jubilation,fiction,Boyle,T.C.,M,,,,
1678,9/1/2003,2003,Joseph Kierland,Tuba City,fiction,Kierland,Joseph,M,,,,
1679,10/1/2003,2003,Hardin Young,1%,fiction,Young,Hardin,N/A,,,,
1680,11/1/2003,2003,Pete Dexter,Dent Island,fiction,Dexter,Pete,M,yes,yes,yes,
1681,12/1/2003,2003,Ethan Coen,Olath,fiction,Coen,Ethan,M,,,,
1682,1/1/2004,2004,Scott Turow,Loyalty,fiction,Turow,Scott,M,,yes,,
1683,1/1/2004,2004,Thom Jones,All Along the Watchtower,fiction,Jones,Thom,M,,,yes,
1684,2/1/2004,2004,Bob Shacochis,Assignment in Havana,fiction,Shacochis,Bob,M,yes,,yes,
1685,3/1/2004,2004,Chuck Palahniuk,Outs,fiction,Palahniuk,Chuck,M,,yes,,
1686,4/1/2004,2004,Scott Smith,Yellow,fiction,Smith,Scott,M,,yes,,
1687,5/1/2004,2004,J. Robert Lennon,See You In Paradise,fiction,Lennon,J. Robert,M,,,,
1688,6/1/2004,2004,Paul Theroux,The Blind Man's Wife,fiction,Theroux,Paul,M,,yes,yes,
1689,7/1/2004,2004,Thom Jones,Powder,fiction,Jones,Thom,M,,,yes,
1690,8/1/2004,2004,T.C. Boyle,Up Against The Wall,fiction,Boyle,T.C.,M,,,,
1691,9/1/2004,2004,John Edgar Wideman,Are Dreams Faster Than The Speed of Light,fiction,Wideman,John Edgar,M,,,yes,
1692,10/1/2004,2004,Sara Joan Berniker,Aqua Velva Smitty,fiction,Berniker,Sara Joan,F,,,,
1693,11/1/2004,2004,Rod Liddle,St. Mark's Day,fiction,Liddle,Rod,M,,,,
1694,12/1/2004,2004,Annie Proulx,The Old Badger Game,fiction,Proulx,Annie,F,yes,yes,yes,
1695,1/1/2005,2005,Christopher Buckley,Digging Up Private Ryan,fiction,Buckley,Christopher,M,yes,yes,,
1696,1/1/2005,2005,Neil Labute,Mom Descending A Staircase,fiction,Labute,Neil,M,,,,
1697,2/1/2005,2005,Amy Hempel,The Afterlife,fiction,Hempel,Amy,F,,,yes,
1698,3/1/2005,2005,Chuck Palahniuk,Punch Drunk,fiction,Palahniuk,Chuck,M,,yes,,
1699,4/1/2005,2005,T.C. Boyle,The Swift Passage of the Animals,fiction,Boyle,T.C.,M,,,,
1700,5/1/2005,2005,Chuck Palahniuk,Foot Work,fiction,Palahniuk,Chuck,M,,yes,,
1701,6/1/2005,2005,Robert Coover,Suburban Jigsaq,fiction,Coover,Robert,M,yes,yes,yes,
1702,7/1/2005,2005,Bill Roorbach,The Fall,fiction,Roorbach,Bill,M,yes,,,
1703,8/1/2005,2005,Madison Smartt Bell,Weight of the Moon,fiction,Bell,Madison Smartt,M,yes,,yes,yes
1704,9/1/2005,2005,Robert Coover,The Fisherman and the Jinn,fiction,Coover,Robert,M,yes,yes,yes,
1705,10/1/2005,2005,Kevin A. Gonzalez,Statehood,fiction,Gonzalez,Kevin A.,M,yes,,,yes
1706,11/1/2005,2005,Glen David Gold,Harry and the Girl-Girl Scene,fiction,Gold,Glen David,M,,,,
1707,12/1/2005,2005,Scott Turow,My Father's War,fiction,Turow,Scott,M,,yes,,
1708,12/1/2005,2005,T.C. Boyle,A Christmas Story,fiction,Boyle,T.C.,M,,,,
1709,1/1/2006,2006,Jay McInerney,Professional Beauty,fiction,McInerney,Jay,M,,yes,,
1710,1/1/2006,2006,John Updike,German Lessons,fiction,Updike,John,M,,yes,yes,
1711,2/1/2006,2006,Michelle Richmond,An Exciting New Career in Medicine,fiction,Richmond,Michelle,M,,,,
1712,3/1/2006,2006,Tony D'Souza,Sogbo's Wife,fiction,D'Souza,Tony,M,,,,
1713,4/1/2006,2006,Michel Houellebecq,Sex With Esther,fiction,Houellebecq,Michel,M,,,,
1714,5/1/2006,2006,Joyce Carol Oates,Suicide Watch,fiction,Oates,Joyce Carol,F,yes,yes,yes,
1715,6/1/2006,2006,Lawrence Block,Proactive Keller,fiction,Block,Lawrence,M,,yes,,
1716,7/1/2006,2006,Margaret Atwood,The Bad News,fiction,Atwood,Margaret,F,,yes,yes,
1717,8/1/2006,2006,J. Robert Lennon,Cul-de-Sac,fiction,Lennon,J. Robert,M,,,,
1718,9/1/2006,2006,T.C. Boyle,The Unlucky Mother of Aquiles Maldonado,fiction,Boyle,T.C.,M,,,,
1719,10/1/2006,2006,Nick Connell,Ozark Lake,fiction,Connell,Nick,M,,,,
1720,11/1/2006,2006,Sam Lipsyte,The Wisdom Of The Doulas,fiction,Lipsyte,Sam,M,,,,
1721,12/1/2006,2006,Stephen King,Willa,fiction,King,Stephen,M,,yes,,
1722,1/1/2007,2007,Walter Mosley,The Myth Of Sisypha,fiction,Mosley,Walter,M,,yes,,
1723,2/1/2007,2007,Denis Johnson,The Starlight On Idaho,fiction,Johnson,Denis,M,yes,yes,yes,
1724,3/1/2007,2007,J. Robert Lennon,Zombie Dan,fiction,Lennon,J. Robert,M,,,,
1725,4/1/2007,2007,Nadine Gordimer,The Third Sense,fiction,Gordimer,Nadine,F,,,,
1726,5/1/2007,2007,Edward Falco,Winter Storms,fiction,Falco,Edward,M,yes,,,
1727,6/1/2007,2007,Woody Allen,This Nib For Hire,fiction,Allen,Woody,M,,,,
1728,7/1/2007,2007,Jamie Malanowski,State Of The Union,fiction,Malanowski,Jamie,M,,,,
1729,8/1/2007,2007,Jess Walter,We Live In Water,fiction,Walter,Jess,M,,yes,,
1730,9/1/2007,2007,Tobias Wolff,A Mature Student,fiction,Wolff,Tobias,M,,,yes,
1731,10/1/2007,2007,David James Poissant,Lizard Man,fiction,Poissant,David James,M,,,,
1732,11/1/2007,2007,Sam Lipsyte,The Gunderson Prophecy,fiction,Lipsyte,Sam,M,,,,
1733,12/1/2007,2007,Stephen King,Mute,fiction,King,Stephen,M,,yes,,
1734,1/1/2008,2008,John Updike,Blue Light,fiction,Updike,John,M,,yes,yes,
1735,2/1/2008,2008,F.X. Toole,Holy Man,fiction,Toole,F.X,M,,,,
1736,3/1/2008,2008,Tony D'Souza,The Cook,fiction,D'Souza,Tony,M,,,,
1737,4/1/2008,2008,Robert Stone,Charm City,fiction,Stone,Robert,M,yes,yes,yes,
1738,5/1/2008,2008,Ron Carlson,In Old Moab,fiction,Carlson,Ron,M,yes,,,
1739,6/1/2008,2008,Jane Smiley,Paradigm Shift,fiction,Smiley,Jane,F,yes,yes,yes,
1740,7/1/2008,2008,Denis Johnson,Nobody Move,fiction,Johnson,Denis,M,yes,yes,yes,
1741,8/1/2008,2008,Denis Johnson,Nobody Move,fiction,Johnson,Denis,M,yes,yes,yes,
1742,9/1/2008,2008,Denis Johnson,Nobody Move,fiction,Johnson,Denis,M,yes,yes,yes,
1743,10/1/2008,2008,Denis Johnson,Nobody Move,fiction,Johnson,Denis,M,yes,yes,yes,
1744,11/1/2008,2008,J. Robert Lennon,The Wrath,fiction,Lennon,J. Robert,M,,,,
1745,12/1/2008,2008,James Ellroy,Blood's A Rover,fiction,Ellroy,James,M,,yes,,
1746,1/1/2009,2009,Scott Turow,In His Own Words,fiction,Turow,Scott,M,,yes,,
1747,2/1/2009,2009,Jess Walter,Helpless Little Things,fiction,Walter,Jess,M,,yes,,
1748,3/1/2009,2009,Jim Harrison,The World's Fastest White Woman,fiction,Harrison,Jim,M,yes,yes,,
1749,4/1/2009,2009,Jay Mcinerney,The Last Bachelor,fiction,Mcinerney,Jay,M,,yes,,
1750,5/1/2009,2009,Jim Shepard,Minotaur,fiction,Shepard,Jim,M,,,,
1751,6/1/2009,2009,Maile Meloy,Lovely Rita,fiction,Meloy,Maile,F,,,yes,
1752,7/1/2009,2009,Roberto Bolaño,Cell Mates,fiction,Bolaño,Roberto,M,,,,
1753,7/1/2009,2009,Tim Hamilton,Fahrenheit 451,fiction,Hamilton,Tim,M,,,,
1754,9/1/2009,2009,Kurt Vonnegut,Confido,fiction,Vonnegut,Kurt,M,,yes,yes,
1755,10/1/2009,2009,Christopher Feliciano Arnold,"Light, Sweet Crude",fiction,Arnold,Christopher Feliciano,M,,,,
1756,11/1/2009,2009,Stephen King,The Bone Church,fiction,King,Stephen,M,,yes,,
1757,12/1/2009,2009,Vladimir Nabokov,The Original Laura,fiction,Nabokov,Vladimir,M,,yes,yes,
1758,1/1/2010,2010,Dennis Lehane,Animal Rescue,fiction,Lehane,Dennis,M,,yes,,
1759,3/1/2010,2010,Martin Amis,The Dawn Of Sexual Intercourse,fiction,Amis,Martin,M,,yes,,
1760,4/1/2010,2010,Ariel Dorfman,Asylum,fiction,Dorfman,Ariel,M,,,,
1761,5/1/2010,2010,Ethan Coen,Love To All,fiction,Coen,Ethan,M,,,,
1762,6/1/2010,2010,Samantha Gillison,The Sexual Life Of Savages,fiction,Gillison,Samantha,F,,,yes,
1763,7/1/2010,2010,Roberto Bolaño,Joanna Silvestri,fiction,Bolaño,Roberto,M,,,,
1764,8/1/2010,2010,Christopher Sorrentino,Stardust,fiction,Sorrentino,Christopher,M,,,,
1765,9/1/2010,2010,Lydia Davis,Madame Bovary,fiction,Davis,Lydia,F,yes,,yes,
1766,10/1/2010,2010,Meaghan Mulholland,"Woman, Fire & The Sea",fiction,Mulholland,Meaghan,F,,,,
1767,11/1/2010,2010,Jim Carroll,The Petting Zoo,fiction,Carroll,Jim,M,,,,
1768,12/1/2010,2010,Chuck Palahniuk,Knock-Knock,fiction,Palahniuk,Chuck,M,,yes,,
1769,1/1/2011,2011,Thom Jones,Bomb Shelter Noel,fiction,Jones,Thom,M,,,yes,
1770,2/1/2011,2011,Walter Mosley,Untitled Crime Story,fiction,Mosley,Walter,M,,yes,,
1771,3/1/2011,2011,T.C. Boyle,Good Home,fiction,Boyle,T.C.,M,,,,
1772,4/1/2011,2011,Jennifer Dubois,The Passenger,fiction,Dubois,Jennifer,F,yes,,yes,
1773,5/1/2011,2011,Julian Barnes,Carcassonne,fiction,Barnes,Julian,M,,yes,yes,
1774,6/1/2011,2011,Robert Coover,The Girl Next Door,fiction,Coover,Robert,M,yes,yes,yes,
1775,7/1/2011,2011,Charles Yu,Yeoman,fiction,Yu,Charles,M,,,yes,
1776,8/1/2011,2011,Chuck Palahniuk,Romance,fiction,Palahniuk,Chuck,M,,yes,,
1777,9/1/2011,2011,Frank Bill,Crimes In Southern Indiana,fiction,Bill,Frank,M,,,,
1778,10/1/2011,2011,Joyce Carol Oates,San Quentin,fiction,Oates,Joyce Carol,F,yes,yes,yes,
1779,11/1/2011,2011,Martha Stallman,Hot Damn,fiction,Stallman,Martha,F,,,,
1780,12/1/2011,2011,Richard Powers,Dark Was The Night,fiction,Powers,Richard,M,,yes,yes,yes
1781,1/1/2012,2012,Elmore Leonard,Raylan,fiction,Leonard,Elmore,M,,yes,,
1782,1/1/2012,2012,George Pelecanos,What It Was,fiction,Pelecanos,George,M,,yes,,
1783,3/1/2012,2012,Adam Johnson,The Oprah Master's Son,fiction,Johnson,Adam,M,yes,yes,yes,
1784,4/1/2012,2012,Zakhar Prilepin,A Russian Picnic,fiction,Prilepin,Zakhar,M,,,,
1785,5/1/2012,2012,Joseph Wambaugh,Hollywood Patrol,fiction,Wambaugh,Joseph,M,,yes,,
1786,6/1/2012,2012,Carlos Fuentes,Vlad,fiction,Fuentes,Carlos,M,,yes,,
1787,7/1/2012,2012,Dennis Lehane,Live By Night,fiction,Lehane,Dennis,M,,yes,,
1788,9/1/2012,2012,T.C. Boyle,The Way You Look Tonight,fiction,Boyle,T.C.,M,,,,
1789,10/1/2012,2012,Don Peteroy,Circuit Builders,fiction,Peteroy,Don,M,,,,
1790,11/1/2012,2012,Ron Carlson,The Great Cummerbund Steeplechase,fiction,Carlson,Ron,M,yes,,,
1791,12/1/2012,2012,Michael Connelly,Blind Call,fiction,Connelly,Michael,M,,yes,,
1792,1/1/2013,2013,Lawrence Block,Keller At Sea,fiction,Block,Lawrence,M,,yes,,
1793,3/1/2013,2013,Ludmmilla Petrushevskaya,The Goddess Parka,fiction,Petrushevskaya,Ludmmilla,F,,,,
1794,4/1/2013,2013,Jake Arnott,The Hierophant,fiction,Arnott,Jake,M,,,,
1795,5/1/2013,2013,Chuck Palahniuk,Cannibal,fiction,Palahniuk,Chuck,M,,yes,,
1796,6/1/2013,2013,Liesl Schillinger,Getting My Baby Tanked,fiction,Schillinger,Liesl,F,,,,
1797,7/1/2013,2013,T.C. Boyle,The Marlbane Manchester Musser Award,fiction,Boyle,T.C.,M,,,,
1798,9/1/2013,2013,George Pelecanos,The Double,fiction,Pelecanos,George,M,,yes,,
1799,10/1/2013,2013,Stu Dearnley,Sparring Partners,fiction,Dearnley,Stu,N/A,,,,
1800,11/1/2013,2013,Chuck Palahniuk,Zombie,fiction,Palahniuk,Chuck,M,,yes,,
1801,12/1/2013,2013,Robert Coover,Six Soldiers Of Fortune,fiction,Coover,Robert,M,yes,yes,yes,
1803,1/1/2014,2014,B.J. Novak,Julie And The Warlord,fiction,Novak,B.J.,M,,yes,,
1802,1/1/2014,2014,Don Winslow,By Sun And Lightning,fiction,Winslow,Don,M,,yes,,
1804,3/1/2014,2014,Stuart Dybek,Tea Ceremony,fiction,Dybek,Stuart,M,yes,,yes,
1805,4/1/2014,2014,Chris Offutt,Back Down Home,fiction,Offutt,Chris,M,yes,,yes,
1806,5/1/2014,2014,Don Winslow,Extreme,fiction,Winslow,Don,M,,yes,,
1807,6/1/2014,2014,Don Winslow,Extreme,fiction,Winslow,Don,M,,yes,,
1808,8/1/2014,2014,Don Winslow,Extreme,fiction,Winslow,Don,M,,yes,,
1809,9/1/2014,2014,James Ellroy,Perfidia,fiction,Ellroy,James,M,,yes,,
1810,10/1/2014,2014,Nolan Turner,Something Ancient Welling Up,fiction,Turner,Nolan,M,,,yes,
1811,11/1/2014,2014,Michael Connelly,The Bullet,fiction,Connelly,Michael,M,,yes,,
1812,12/1/2014,2014,George Pelecanos,Miss Mary's Room,fiction,Pelecanos,George,M,,yes,,
1813,1/1/2015,2015,T.C. Boyle,Theft And Other Issues,fiction,Boyle,T.C.,M,,,,
1814,3/1/2015,2015,Mark Jacobs,"The Bull You See, The Bull You Don't",fiction,Jacobs,Mark,M,,,,
1815,4/1/2015,2015,Etgar Keret,Windows,fiction,Keret,Etgar,M,,,,
1816,5/1/2015,2015,James Grady,Jasmine Daze of The Condor,fiction,Grady,James,M,,,,
1817,6/1/2015,2015,Ted Cohen,Odin,fiction,Cohen,Ted,M,,,,
1818,7/1/2015,2015,Chuck Palahniuk,Dad All Over,fiction,Palahniuk,Chuck,M,,yes,,
1819,9/1/2015,2015,Scott Wolven,Playboy,fiction,Wolven,Scott,M,,,,
1820,10/1/2015,2015,Donnie Watson,My Feet Are Fire,fiction,Watson,Donnie,M,,,,
1821,11/1/2015,2015,Steve Weddle,South of Bradley,fiction,Weddle,Steve,M,,,,
1822,1/1/2016,2016,Callan Wink,Crow Country Moses,fiction,Wink,Callan,M,yes,,,
1823,3/1/2016,2016,Don Winslow,Boone Daniel's Rogue Ride,fiction,Winslow,Don,M,,yes,,
1824,4/1/2016,2016,Marie Calloway,Insipidities,fiction,Calloway,Marie,F,,,,
1825,5/1/2016,2016,Luke Mogelson,A Beautiful Country,fiction,Mogelson,Luke,M,,,,
1826,6/1/2016,2016,Ron Carlson,Good-bye to Rootine,fiction,Carlson,Ron,M,yes,,,
1827,7/1/2016,2016,Matt Gallagher,Babylon,fiction,Gallagher,Matt,M,,,,
1828,9/1/2016,2016,Colin Winnette,Whereabouts,fiction,Winnette,Colin,M,,,,
1829,10/1/2016,2016,Tony Talathimutte,After the Dyerses,fiction,Talathimutte,Tony,M,,,,
1830,11/1/2016,2016,Kevin Mandel,The Filmmaker,fiction,Mandel,Kevin,M,,,,
1831,12/1/2016,2016,Stephen King,The Music Room,fiction,King,Stephen,M,,yes,,
1832,1/1/2017,2017,Jon Raymond,Visiting Violence,fiction,Raymond,Jon,M,,,,
1833,1/1/2017,2017,Walter Kirn,Finishing,fiction,Kirn,Walter,M,,,,
1834,3/1/2017,2017,John Hornor Jacobs,The Domestic Lives Of Superheroes,fiction,Jacobs,John Hornor,M,,,,
1835,3/1/2017,2017,Liesl Schillinger,Supercops,fiction,Schillinger,Liesl,F,,,,
1836,5/1/2017,2017,Dennis Lehane,The Sparrow,fiction,Lehane,Dennis,M,,yes,,
1837,5/1/2017,2017,Matthew Sharpe,Monsters,fiction,Sharpe,Matthew,M,yes,,,
1838,7/1/2017,2017,A.M. Homes,She Got Away,fiction,Homes,A.M.,F,,,,
1839,7/1/2017,2017,Frank Bill,The Disgruntled Americans,fiction,Bill,Frank,M,,,,
1840,9/1/2017,2017,R.O. Kwon,Safe Word,fiction,Kwon,R.O.,F,yes,,,
1841,9/1/2017,2017,T.C. Boyle,Subtract One Death,fiction,Boyle,T.C.,M,,,,
1842,11/1/2017,2017,Andy Weir,Artemis,fiction,Weir,Andy,M,,yes,,
1843,11/1/2017,2017,Robert Coover,Under The Clock,fiction,Coover,Robert,M,yes,yes,yes,
1844,1/1/2018,2018,Ariel Dorfman,What She Saw,fiction,Dorfman,Ariel,M,,,,
1845,1/1/2018,2018,Baird Harper,What Are You Thinking About Right Now,fiction,Harper,Baird,M,,,,
1846,3/1/2018,2018,Curtis C. Chen,"Go, Space Racer!",fiction,Chen,Curtis C.,M,,,,
1847,3/1/2018,2018,Mickey Spillane; Max Allan Collins Spillane,Killing Town,fiction,,,N/A,,,,
1848,5/1/2018,2018,Chuck Palahniuk,Unlawful Entry,fiction,Palahniuk,Chuck,M,,yes,,
1849,7/1/2018,2018,Walter Mosley,Showdown on the Hudson,fiction,Mosley,Walter,M,,yes,,
1850,9/1/2018,2018,Hernan Diaz,1111 Emblems,fiction,Diaz,Hernan,M,,,yes,
1851,9/1/2018,2018,John Wray,Madrigal,fiction,Wray,John,M,,,yes,
1852,11/1/2018,2018,Maxim Loskutoff,The Fourth Armada,fiction,Loskutoff,Maxim,M,,,,
1853,3/1/2019,2019,Robert Coover,The Kiss,fiction,Coover,Robert,M,yes,yes,yes,
1854,6/1/2019,2019,Joyce Carol Oates,Mr. Stickum,fiction,Oates,Joyce Carol,F,yes,yes,yes,
1855,6/1/2019,2019,Lisa Taddeo,Yeast,fiction,Taddeo,Lisa,F,,,,
1856,9/1/2019,2019,T.C. Boyle,Not Me,fiction,Boyle,T.C.,M,,,,
1857,9/2/2019,2019,Catherine Lacey,Being Shot,fiction,Lacey,Catherine,F,,,yes,
1858,12/1/2019,2019,Chuck Palahniuk,Repercussions,fiction,Palahniuk,Chuck,M,,yes,,
1859,12/1/2019,2019,Sarah Braunstein,The Modern Era,fiction,Braunstein,Sarah,F,,,,
1860,3/1/2020,2020,Ariel Dorfman,Crossing Tracks,fiction,Dorfman,Ariel,M,,,,
1861,3/1/2020,2020,Kiley Reid,Your First Pet And The Street You Grew Up On,fiction,Reid,Kiley,F,,yes,,
1862,12/1/2020,2020,Claire Lombardo,Francophile,fiction,Lombardo,Claire,F,,yes,,
